cgpa,attendance,internal_marks,backlog_count,study_hours,family_income,parent_education,internet_access,dropout
7.84,41.5,49.25,3,1.5,103736,0,1,1
4.19,45.62,46.29,0,4.7,425400,3,0,1
6.7,56.69,90.85,2,5.7,228389,2,0,0
5.29,85.81,37.15,6,1.2,494331,2,1,1
8.84,83.78,67.54,6,1.1,203709,2,0,0
8.23,42.75,45.95,4,7.9,498432,1,0,1
6.28,67.2,88.39,2,3.3,159842,2,0,0
7.65,50.27,81.04,2,4.0,191530,1,1,0
9.06,86.56,46.03,0,6.5,260325,2,0,0
5.27,96.57,91.35,5,2.1,311740,3,1,0
4.86,48.38,82.15,8,2.5,356491,3,1,1
6.17,99.84,39.68,7,1.2,74702,0,0,1
7.76,87.52,59.55,1,3.4,362417,3,1,0
9.83,91.65,30.8,1,5.6,331527,2,1,0
4.67,66.09,61.76,4,7.8,449487,1,0,1
9.22,57.91,74.73,3,1.6,449775,1,0,0
7.59,69.32,37.83,5,7.1,486032,2,0,1
4.35,92.68,96.29,1,6.0,477831,0,0,0
4.77,68.52,68.49,4,4.5,368029,3,0,1
9.57,85.32,78.29,4,3.5,402157,2,1,0
9.4,67.09,47.35,1,3.0,358443,1,0,0
4.04,82.47,34.12,1,7.3,223239,0,0,1
5.67,69.12,67.75,7,2.3,297974,3,0,1
4.57,79.54,54.8,6,4.0,432245,0,0,1
4.36,83.69,86.04,1,2.4,149724,3,0,0
6.53,56.71,47.49,1,3.8,498773,0,0,0
7.91,72.44,31.03,1,7.4,494960,1,0,0
6.44,68.88,90.53,0,1.7,51130,3,1,0
9.56,87.11,49.97,8,5.5,305155,1,0,1
5.78,98.12,70.54,8,1.0,214419,0,0,1
7.51,70.17,89.69,2,0.9,316248,0,0,0
4.41,44.08,90.33,6,1.4,348673,1,0,1
7.72,65.15,70.86,8,2.9,186716,1,1,0
5.43,63.75,77.02,4,3.9,444193,0,0,1
6.75,99.91,99.73,1,4.5,315229,2,0,0
9.6,92.85,91.55,5,2.6,279734,2,0,0
8.01,73.28,95.22,1,7.5,120407,2,0,0
9.34,84.55,40.88,4,5.0,426235,2,0,0
8.12,91.17,65.38,4,7.3,493602,0,0,0
7.81,89.76,33.09,5,6.3,384030,2,0,1
8.45,73.1,59.94,0,1.3,412293,1,0,0
9.01,74.95,40.37,2,0.8,241182,0,1,1
5.26,54.97,37.2,8,7.1,263058,1,0,1
9.19,98.57,86.75,6,0.7,436171,2,1,0
8.81,91.84,86.75,4,1.7,417671,0,1,0
9.23,91.52,45.57,7,3.1,480197,1,0,1
4.14,51.59,52.98,1,7.8,196341,2,1,1
8.08,90.62,53.18,0,1.4,186951,1,1,0
4.23,75.79,54.2,5,3.8,318132,0,1,1
9.4,51.4,33.11,6,0.5,472843,1,1,1
6.59,96.93,94.45,5,5.5,115339,2,1,0
8.0,59.57,78.8,8,1.5,270434,3,0,1
7.69,58.06,68.36,0,2.8,160196,3,1,0
6.79,66.53,44.96,7,6.5,467346,1,0,1
5.7,79.83,73.35,1,6.6,443812,1,1,0
5.35,51.95,31.71,3,7.9,370483,0,1,1
6.49,77.79,43.61,6,4.2,177918,1,0,1
9.36,91.63,91.98,6,2.1,471585,3,0,0
7.34,95.05,38.5,2,6.5,400002,2,1,0
7.68,83.16,65.33,8,3.8,133444,3,1,0
5.56,54.83,74.64,8,4.1,175433,2,1,1
4.46,57.14,49.02,5,7.2,92245,1,0,1
5.39,81.64,79.45,1,3.6,223477,3,1,0
4.37,89.97,57.26,0,6.9,451392,3,1,0
4.04,61.11,82.74,6,4.5,435159,1,1,1
5.32,66.15,32.03,5,5.5,468456,3,0,1
9.04,95.17,98.65,8,0.7,256580,0,0,1
7.86,48.14,62.32,0,2.5,221627,1,1,0
5.96,85.67,56.54,6,2.4,92942,3,0,1
8.49,43.13,96.63,3,5.4,459591,0,0,1
9.7,51.96,31.43,2,2.3,298282,0,0,1
6.79,55.37,55.82,1,6.3,135860,2,0,0
7.47,95.73,70.31,6,3.5,424873,1,0,0
7.55,89.83,47.0,4,6.9,364788,0,0,1
6.08,65.7,55.94,8,5.4,56633,3,1,1
4.63,97.65,74.49,7,5.8,278320,1,1,1
7.7,95.18,84.22,7,3.8,433268,2,1,0
9.11,89.84,36.07,7,2.3,293641,3,1,1
4.17,91.06,42.73,3,3.2,185451,2,1,1
9.28,82.07,49.34,0,4.4,150168,0,0,0
8.32,69.31,83.07,7,5.3,307331,3,0,0
4.56,53.3,78.43,4,5.5,243472,3,1,1
6.55,84.76,53.16,7,2.5,181807,1,0,0
8.33,58.93,82.0,2,1.9,437241,3,1,0
8.35,98.6,66.72,4,7.9,486537,1,1,0
5.36,50.77,30.99,8,1.4,73863,0,1,1
8.18,47.58,90.79,7,1.3,56430,2,1,1
6.87,60.44,97.58,4,7.6,300467,0,0,1
6.4,44.44,74.06,0,1.6,475272,2,0,0
9.96,47.11,83.51,3,6.3,249427,3,1,0
5.78,75.31,60.02,0,5.1,438019,0,0,0
7.75,55.88,35.68,3,1.8,89355,1,0,1
6.45,81.36,62.89,0,2.2,420648,2,1,0
4.43,54.01,48.52,3,3.7,335507,1,0,1
9.45,89.6,35.0,2,6.4,361974,2,1,0
4.75,81.32,78.98,4,4.3,308890,3,0,1
7.59,93.37,81.42,4,0.7,170022,0,1,0
7.46,85.79,42.26,8,5.4,195834,1,1,0
7.81,69.5,36.39,5,3.6,218326,0,0,1
5.98,81.62,50.18,6,6.6,338409,0,1,1
4.53,55.14,38.11,6,7.0,482499,0,1,1
6.48,51.25,55.32,7,5.2,448453,0,0,1
5.6,47.86,50.16,7,1.4,380313,1,0,1
5.86,40.82,58.56,3,7.9,109486,3,0,1
7.89,49.24,95.29,4,4.3,193353,3,1,1
9.88,54.62,68.59,6,1.9,364246,1,0,1
5.66,87.4,59.05,8,2.5,51344,2,1,1
9.02,74.8,76.2,2,3.8,303934,2,1,0
7.31,72.61,61.87,5,7.0,415690,1,1,0
5.4,86.53,33.06,7,5.8,475411,3,1,1
9.93,87.54,75.64,2,4.2,69408,1,1,0
9.22,92.45,60.82,8,7.3,58046,1,1,0
9.23,98.2,35.24,4,3.0,413176,3,0,1
9.11,91.14,90.15,6,7.7,378623,3,0,0
7.7,54.09,77.91,4,8.0,441520,0,1,1
9.87,85.62,79.27,1,3.8,413856,2,0,0
4.28,87.77,50.54,5,3.7,178029,3,0,1
5.02,44.74,90.96,3,4.2,355742,1,0,1
6.77,55.24,47.87,0,7.2,293926,2,0,0
4.44,96.71,99.14,4,5.3,272460,2,1,1
9.07,51.95,56.93,7,1.3,249944,2,1,1
9.96,57.71,98.46,6,2.6,346709,0,1,1
9.0,94.18,84.3,3,5.1,234717,1,0,0
7.73,80.67,80.46,2,5.2,378968,0,1,0
8.73,42.0,55.54,2,1.2,204722,2,1,1
5.05,47.93,67.76,5,4.5,192882,1,1,1
9.48,96.65,97.72,4,6.1,227584,0,1,0
9.78,48.45,97.66,6,7.8,471835,2,0,1
8.74,40.84,67.56,7,3.3,442697,2,1,1
8.93,96.42,37.58,3,4.0,374820,2,0,0
7.89,78.12,62.5,4,5.4,111171,1,0,0
9.68,58.26,64.48,1,2.3,331829,1,1,0
6.72,80.23,82.02,8,3.6,439162,1,1,0
7.93,90.02,73.1,4,0.7,244264,1,1,0
6.67,54.17,55.39,5,4.6,388074,2,0,1
6.39,51.39,38.55,7,1.2,161204,0,0,1
8.72,54.61,38.81,3,1.0,451162,1,0,1
8.88,53.98,84.21,0,2.6,125858,1,1,0
8.79,46.6,90.65,2,0.6,464179,1,1,1
4.09,55.92,38.87,6,4.4,440943,0,1,1
6.69,61.72,71.56,7,4.3,372493,0,1,1
6.75,97.84,34.26,7,6.9,273490,0,1,1
8.27,66.61,92.95,5,5.1,84436,1,1,0
7.75,75.12,79.85,6,8.0,328164,2,1,0
7.03,65.81,85.52,1,6.9,391267,1,1,0
6.71,53.71,53.73,7,3.5,432527,0,1,1
6.56,79.91,56.2,2,5.7,298652,0,0,0
8.99,45.59,36.76,5,6.6,341698,0,1,1
8.02,64.65,91.15,6,7.0,428043,0,1,1
7.6,61.1,70.45,3,1.7,302806,1,0,0
6.1,73.38,38.04,4,4.8,473216,3,0,1
7.65,79.47,78.54,0,1.9,418416,2,1,0
6.11,50.88,40.03,6,1.0,438481,0,0,1
8.48,52.91,59.39,5,1.7,213387,2,0,1
9.3,49.33,82.81,0,5.6,192660,3,1,0
6.91,66.52,49.12,8,1.4,275398,0,1,1
8.07,75.59,66.89,4,0.8,257231,0,0,1
5.23,96.72,83.71,4,2.7,112906,0,1,0
8.48,50.54,56.61,3,4.3,486917,2,0,1
6.38,84.52,60.54,7,7.4,214133,3,1,0
8.26,65.06,38.06,0,7.7,140111,3,1,0
4.53,90.67,47.03,6,4.4,257495,2,1,1
5.33,86.75,35.35,1,4.5,151661,2,1,0
8.36,89.14,87.05,3,1.3,184201,1,0,0
7.61,85.61,75.89,2,7.6,379226,3,1,0
8.53,85.59,61.42,5,7.0,378842,2,0,0
6.64,68.14,74.2,4,4.9,234519,0,1,0
6.77,42.26,55.81,4,1.1,498420,0,1,1
6.78,73.26,85.43,0,3.9,474576,1,1,0
7.63,70.08,97.04,7,1.3,489026,2,0,1
7.03,50.35,47.34,7,7.9,324762,1,1,1
6.24,56.97,58.61,5,5.6,77454,2,0,1
5.98,73.48,57.06,4,5.9,394228,1,1,1
4.49,79.82,94.17,4,7.8,416204,3,0,1
7.57,96.28,51.67,6,5.3,222216,1,0,0
7.88,65.4,55.33,5,2.8,162298,2,1,0
5.15,100.0,40.85,4,6.8,103026,0,1,1
9.26,77.08,71.81,2,1.7,485864,1,1,0
4.26,61.86,80.37,7,5.1,444469,3,0,1
7.2,58.57,86.6,7,7.3,151720,2,1,0
6.77,56.91,56.73,8,3.6,134965,1,0,1
9.24,43.13,63.64,5,4.7,103786,0,1,1
4.5,49.62,61.45,8,1.6,279361,0,0,1
8.9,93.08,95.13,6,0.9,313196,2,0,1
6.32,44.9,45.72,5,7.5,489970,2,0,1
4.83,57.21,88.08,2,6.2,295948,3,0,1
9.44,41.14,45.1,2,4.6,431280,3,0,1
8.66,54.26,38.53,3,3.6,466231,3,0,1
4.67,94.31,71.77,0,5.2,351490,1,0,0
5.75,40.09,54.7,6,1.9,400337,0,1,1
4.41,71.56,65.51,8,4.7,254710,3,0,1
7.81,98.86,47.76,0,3.2,85420,2,0,0
8.4,77.7,84.01,5,1.5,234706,2,0,0
8.98,81.08,98.66,7,5.2,475458,1,0,0
8.3,96.62,32.59,3,0.8,154579,0,1,1
9.6,70.92,99.24,8,4.1,69199,1,1,0
6.14,86.85,90.61,5,2.5,469085,2,1,0
9.34,84.6,92.62,6,3.0,147946,3,1,0
6.2,87.84,48.67,1,6.0,91380,3,0,0
7.27,59.27,35.6,4,2.8,365947,3,0,1
8.14,61.09,32.96,5,5.1,278034,2,0,1
4.45,78.25,55.43,2,7.6,124857,3,0,1
4.76,54.16,75.16,5,3.4,347399,0,0,1
8.07,96.93,56.04,1,4.8,327589,2,1,0
5.89,56.72,97.24,0,6.0,311642,3,0,0
5.57,55.62,61.24,4,5.7,307530,1,0,1
4.81,44.44,42.09,7,8.0,474942,2,1,1
8.26,73.0,50.33,4,6.9,423192,1,1,0
7.05,47.28,44.07,2,2.3,309009,0,1,1
7.32,62.13,86.26,8,1.5,95201,0,1,1
6.39,83.02,63.51,6,6.3,481666,0,0,0
9.83,78.54,61.5,8,3.1,484662,1,0,0
6.6,94.64,33.88,1,4.4,209448,1,0,0
5.94,82.56,54.22,8,7.2,493512,0,1,1
5.18,97.38,49.21,4,5.1,98983,1,0,1
5.03,77.47,93.14,5,6.8,345498,0,0,1
4.49,96.91,83.97,4,5.4,452107,3,0,1
6.99,77.63,50.28,4,4.1,471888,3,1,0
6.72,81.32,41.07,6,4.1,156966,2,0,1
5.88,83.1,81.39,5,7.8,118559,2,0,0
5.91,67.99,48.72,3,1.6,76531,2,1,1
9.18,65.09,97.39,2,6.6,352874,2,0,0
8.58,69.9,66.03,7,7.1,310765,0,0,1
9.67,70.33,97.67,3,4.9,75510,0,1,0
6.97,92.94,75.8,7,2.6,54287,0,1,0
4.8,55.87,55.6,6,3.2,260020,0,0,1
6.18,57.32,57.04,7,6.2,196654,0,0,1
9.85,63.63,85.64,5,4.7,241683,1,0,0
7.61,64.08,32.82,0,1.5,224609,3,1,0
4.89,93.59,39.78,5,1.7,373223,2,1,1
7.04,70.58,64.29,4,4.1,58722,2,1,0
8.04,98.79,70.86,0,5.0,189214,1,0,0
7.5,50.23,74.03,6,1.6,406896,1,0,1
7.44,82.03,43.35,7,2.9,129393,3,0,1
6.46,86.5,94.44,0,5.8,321939,1,1,0
9.99,68.7,56.38,2,3.9,329512,2,1,0
8.06,92.06,77.65,4,5.1,150801,1,1,0
7.35,53.49,98.1,4,6.3,419571,1,1,1
5.9,60.93,95.36,4,2.7,350667,3,1,1
8.91,97.28,86.32,4,0.8,424415,0,1,0
9.54,79.36,82.31,3,2.0,332369,2,1,0
4.82,76.94,71.08,3,0.9,328418,1,0,1
4.31,64.8,80.22,1,5.6,122072,0,0,1
6.44,96.1,91.49,7,5.4,446315,2,1,0
5.71,43.55,83.81,3,4.5,429121,0,0,1
6.51,90.26,95.37,0,8.0,258139,3,0,0
9.62,97.73,94.82,0,0.6,347775,0,1,0
5.71,99.35,68.03,7,7.2,120359,3,1,0
5.16,46.76,41.37,7,5.4,426752,1,0,1
8.42,87.45,69.74,3,1.8,498867,3,1,0
7.09,45.2,76.85,2,7.9,300323,2,0,0
4.04,63.01,61.27,4,7.7,208306,0,1,1
7.92,81.57,34.35,1,4.0,133737,3,1,0
8.14,78.32,95.84,5,5.1,164886,1,1,0
4.92,84.86,72.4,6,5.8,296849,1,0,1
8.08,75.75,85.12,8,3.9,418976,2,0,0
9.5,46.73,88.01,8,2.0,331364,1,0,1
5.97,71.22,38.14,3,5.9,306286,0,1,1
8.85,67.21,65.93,7,4.7,342970,3,1,0
8.34,63.76,87.15,3,4.8,73744,3,1,0
8.2,72.47,34.22,1,7.9,297501,0,1,0
6.45,86.14,83.61,6,3.3,250529,3,1,0
6.25,80.96,76.33,8,1.5,232331,0,0,1
9.96,63.58,38.91,3,6.8,446455,0,1,1
6.78,83.15,59.69,6,6.7,179767,3,1,0
4.93,51.31,91.26,1,0.7,396133,3,0,1
5.44,44.04,71.58,7,5.0,418724,0,0,1
8.44,64.14,46.4,3,6.2,456880,0,0,1
7.02,57.36,87.11,5,4.8,455032,2,0,0
5.81,48.6,76.21,3,3.6,194259,0,0,1
7.76,65.63,64.69,5,7.6,401976,3,1,0
8.18,64.5,50.99,2,6.2,298260,1,0,0
5.8,82.45,86.4,0,4.7,268370,1,1,0
5.46,52.2,75.27,7,6.9,98477,1,0,1
5.61,80.42,72.2,1,1.9,449348,1,1,0
5.25,94.42,51.22,0,2.1,149627,0,1,0
9.49,81.74,79.26,6,7.4,339448,2,1,0
6.28,72.02,55.15,4,3.2,310716,3,0,0
8.82,83.34,83.31,5,7.4,244356,2,1,0
4.27,91.85,81.89,0,2.5,356200,3,1,0
4.91,59.79,56.59,3,4.2,393203,2,1,1
8.58,69.32,80.65,7,4.0,434183,2,0,0
4.84,72.79,42.88,8,7.9,80792,0,0,1
9.67,80.09,83.5,6,1.5,380669,1,0,0
8.24,40.55,65.4,5,1.0,384353,3,1,1
4.09,71.93,58.79,0,4.5,194043,2,0,1
7.01,81.87,60.14,2,1.3,100496,1,0,0
5.15,71.59,87.07,4,6.5,91428,2,1,1
6.75,54.59,78.81,4,5.6,494526,0,0,1
4.56,62.76,68.69,0,5.3,418493,1,0,1
7.0,66.03,84.91,1,7.2,72309,1,0,0
9.41,81.54,69.67,4,0.8,88979,2,0,1
5.08,91.03,31.1,3,4.9,444397,3,0,1
5.8,73.84,69.67,6,5.6,333410,2,1,1
8.53,48.4,99.19,1,4.3,231329,0,0,0
6.62,90.32,53.84,6,7.8,221115,0,1,0
8.7,67.03,45.97,8,7.6,276412,1,1,1
4.51,77.12,85.86,1,1.1,130856,3,0,0
8.44,59.0,37.46,0,7.6,283169,2,1,0
4.61,45.24,60.17,8,4.7,263932,0,0,1
4.54,73.25,71.78,5,7.0,56470,2,1,1
6.33,45.08,93.08,3,4.8,138910,3,0,0
4.83,58.07,64.52,1,1.8,194683,3,1,1
6.91,44.62,47.62,3,5.9,309943,1,1,1
4.64,58.28,96.42,5,6.8,249171,2,1,1
6.01,88.93,90.17,2,2.8,366256,1,1,0
5.89,97.87,97.81,4,6.0,381823,3,0,0
5.96,56.82,85.01,5,1.4,345620,1,0,1
8.09,73.01,96.71,7,7.6,159916,3,1,0
8.99,44.15,89.35,6,5.5,122969,2,0,1
5.52,49.25,59.62,6,1.1,363489,3,1,1
7.21,95.41,90.87,6,4.6,464565,2,0,0
4.66,54.89,76.53,2,5.4,73224,3,1,1
9.79,65.83,30.74,4,2.2,441566,1,1,1
6.24,67.78,77.57,8,1.6,62877,3,0,1
5.77,95.23,36.01,2,3.1,229865,3,0,1
7.13,60.9,36.83,7,2.9,207424,0,0,1
4.14,60.58,37.66,2,7.5,438229,1,0,1
7.31,59.86,59.85,7,2.2,262361,1,0,1
7.84,65.93,32.04,3,3.9,275209,3,0,0
8.23,52.35,82.66,1,4.8,469169,1,1,0
5.96,67.45,48.36,7,4.5,385076,2,1,1
7.67,75.22,54.35,7,5.1,476633,2,0,0
8.03,58.79,46.7,1,1.9,413560,1,1,0
6.51,48.27,56.86,2,4.2,331741,1,0,1
6.94,48.42,52.02,7,5.1,238239,0,1,1
4.82,88.91,97.47,8,5.4,264504,3,1,1
8.26,66.63,41.71,0,6.5,165620,2,0,0
5.65,72.26,41.77,7,4.7,455037,3,0,1
7.44,56.07,68.02,5,4.6,446773,0,1,0
7.28,99.39,37.17,3,2.7,66898,3,1,0
6.09,89.0,60.73,1,6.3,174227,1,1,0
9.17,76.62,59.97,2,6.4,476523,1,0,0
7.42,71.94,71.78,2,2.9,419126,2,1,0
7.44,97.14,66.01,1,1.5,443265,3,0,0
9.95,92.02,38.88,2,2.4,422975,2,0,0
8.57,80.57,64.26,4,5.2,246698,3,0,0
7.8,92.81,36.52,8,6.1,414224,2,1,1
9.7,59.64,30.17,1,6.0,290359,2,0,0
8.77,63.86,97.77,3,4.2,219274,2,1,0
7.28,47.84,89.67,5,7.2,449640,0,0,1
4.6,87.03,62.17,1,7.5,132828,3,1,0
4.0,97.48,44.16,2,7.1,208264,1,1,1
4.56,61.63,35.77,2,0.9,377996,2,0,1
6.58,45.47,36.66,3,4.1,119572,1,1,1
4.06,81.74,87.2,6,5.7,300452,0,0,1
6.3,83.85,37.17,5,3.3,206895,1,1,0
8.64,85.19,39.32,2,1.0,345326,0,0,1
6.64,83.35,73.97,2,7.4,373001,3,0,0
4.52,46.03,82.67,6,3.1,275123,2,0,1
5.49,78.68,47.37,4,6.3,412008,0,1,1
5.23,76.42,43.21,6,2.7,78609,1,1,1
6.32,54.46,74.67,1,4.5,56326,2,1,0
4.79,91.65,69.79,5,4.6,140581,3,0,1
4.1,44.05,48.35,0,7.4,463815,3,1,1
7.77,70.06,59.08,6,1.1,331314,1,1,1
4.5,44.74,94.46,2,4.5,254855,0,1,1
8.19,83.8,89.25,0,2.3,277794,0,1,0
7.67,43.3,76.63,2,1.4,421143,1,0,1
4.98,97.18,66.61,4,1.8,116548,2,0,1
8.63,41.76,86.5,4,4.4,187861,0,1,1
6.73,61.61,64.97,2,3.3,183754,0,0,0
5.37,70.53,33.08,0,2.3,297340,2,1,0
9.52,50.74,97.22,0,4.6,424352,3,0,0
5.93,64.98,80.42,4,6.7,349649,2,0,1
7.01,94.12,42.55,8,7.9,260200,0,1,1
9.2,86.41,51.75,1,4.6,54178,2,0,0
5.75,87.07,81.77,3,4.0,360216,3,0,0
8.39,72.79,85.72,2,0.5,264977,0,0,0
7.25,78.16,78.54,0,7.6,50766,3,1,0
4.62,71.79,46.67,7,7.7,124644,2,0,1
4.26,53.89,89.19,6,5.8,245293,3,0,1
7.48,70.33,74.61,6,1.1,347701,0,1,1
7.97,47.84,50.42,5,7.4,256020,2,1,1
6.72,54.02,96.05,2,6.3,356555,0,0,1
4.63,66.97,51.98,1,4.5,453878,1,1,0
5.85,55.9,38.39,2,6.6,209496,0,0,1
9.02,59.67,36.38,3,7.8,257746,0,1,1
5.56,99.44,32.18,6,6.9,341479,1,0,1
6.77,88.23,39.79,0,1.0,459447,1,0,0
5.19,64.03,78.04,1,4.9,185696,0,0,0
9.98,51.87,75.22,2,1.2,494216,2,0,1
4.26,67.66,41.76,6,6.7,257093,3,0,1
6.3,65.6,54.78,2,2.6,283838,1,0,0
7.68,77.02,75.31,7,3.6,338719,3,0,0
4.53,62.98,59.35,8,2.4,470567,0,1,1
8.69,61.55,68.12,7,3.1,346564,2,1,0
5.62,41.56,71.8,0,7.2,458178,2,0,1
8.85,68.3,55.02,3,7.8,102499,1,0,0
5.6,88.98,94.21,0,6.2,165034,3,1,0
9.61,99.49,42.16,3,4.9,472686,2,0,0
8.22,61.1,69.74,2,4.7,148688,3,1,0
5.05,42.28,33.93,3,0.6,300603,0,1,1
9.51,52.09,39.13,2,7.4,492648,2,0,1
4.13,75.2,94.21,1,6.8,241307,0,1,0
8.23,79.73,71.02,5,2.8,121539,1,1,0
8.75,97.64,75.44,2,5.8,344637,2,0,0
7.99,88.87,56.49,4,1.5,432117,0,1,0
9.1,86.25,69.72,2,5.0,474047,1,0,0
9.62,48.44,82.17,3,3.1,217519,1,0,0
8.93,80.2,81.05,5,3.8,189047,1,0,0
8.16,61.03,85.09,0,0.9,279753,3,0,0
9.31,69.58,56.51,8,3.3,484533,3,0,1
4.98,44.42,89.2,4,0.7,186906,0,0,1
6.05,93.28,41.26,1,4.6,98813,2,1,0
8.23,65.88,75.75,6,1.7,103088,2,0,1
9.85,64.56,68.79,8,2.5,197599,2,0,1
4.58,63.57,68.48,7,1.7,239178,0,1,1
4.53,89.43,73.76,7,2.0,63492,1,0,1
7.83,98.62,63.15,1,2.8,258387,3,1,0
9.37,55.9,74.93,6,1.9,249987,2,0,1
6.67,55.8,62.55,3,6.8,345827,0,0,0
8.51,80.05,36.0,5,6.6,267048,1,0,1
9.04,89.1,59.3,8,5.7,298944,1,1,0
5.79,63.69,89.78,0,4.3,320961,1,0,0
9.7,66.94,96.43,2,7.8,473866,1,0,0
4.26,44.7,77.82,3,8.0,378847,1,1,1
5.92,83.63,86.51,1,3.4,258328,2,1,0
7.12,95.03,30.87,8,6.4,108992,3,0,1
4.89,75.28,83.09,1,7.4,345008,0,1,0
9.2,92.81,91.45,4,3.4,304586,3,0,0
5.03,64.18,73.28,6,0.8,223798,1,0,1
8.47,95.25,92.79,0,3.0,466102,2,1,0
5.68,69.5,78.73,1,7.8,169515,1,1,0
9.85,66.59,87.81,4,6.0,367183,0,0,0
6.65,94.81,58.5,7,6.2,246036,0,0,1
4.39,82.57,58.24,8,7.1,65177,1,0,1
9.25,52.04,34.03,0,3.9,238940,1,1,1
6.21,67.85,57.79,1,5.6,176845,2,1,0
7.56,50.66,90.93,8,3.1,135728,2,0,1
5.71,63.19,41.4,3,6.9,389413,1,0,1
5.61,64.57,31.4,0,4.1,119370,1,0,1
5.34,76.5,96.01,4,3.7,247381,2,1,0
5.51,68.0,77.4,6,4.9,53852,2,1,1
5.79,46.49,34.47,4,5.3,195167,2,1,1
5.13,71.04,46.82,0,6.5,470669,3,1,0
8.08,83.28,75.88,4,2.4,269448,3,1,0
8.42,74.98,99.63,3,3.1,424010,1,1,0
9.44,80.31,65.51,2,6.8,342682,1,1,0
4.59,47.68,48.11,8,6.2,145980,2,0,1
5.33,53.4,91.0,6,6.4,223705,2,1,1
7.51,67.83,38.24,0,7.0,355961,0,1,0
9.34,70.03,90.72,6,4.5,266587,0,0,1
4.82,52.02,58.64,7,1.6,425216,1,0,1
6.93,77.86,42.38,0,0.5,193407,1,0,0
7.46,49.51,84.96,1,1.5,277389,3,1,0
6.57,68.64,30.33,8,2.0,245612,0,1,1
8.54,71.86,31.25,0,5.2,180454,1,1,0
5.87,46.16,65.23,4,1.8,481931,0,1,1
9.69,67.36,66.42,8,3.0,410070,1,1,0
9.98,69.41,82.51,2,7.6,475726,3,0,0
5.37,83.63,39.18,0,4.9,138596,0,1,0
8.27,87.53,56.26,4,6.3,376702,0,0,0
7.97,79.21,31.38,1,3.6,249362,0,1,0
6.85,49.19,78.66,0,2.8,396902,0,1,0
7.74,82.04,59.32,1,4.3,373851,0,1,0
4.68,46.38,43.91,3,6.3,485944,1,1,1
8.22,57.72,32.76,7,7.3,410817,3,1,1
5.41,40.76,36.23,1,6.8,400760,3,0,1
9.7,86.77,35.25,1,7.3,387818,1,1,0
9.93,57.76,62.5,1,6.6,70680,2,1,0
8.81,58.76,81.7,1,6.9,74059,0,0,0
7.98,50.23,55.03,7,7.7,190671,0,1,1
8.89,50.97,58.05,7,2.5,252226,3,1,1
7.89,87.81,37.91,0,7.9,492682,1,0,0
6.5,75.45,86.16,7,1.9,249098,2,0,0
9.18,92.8,80.91,2,4.1,305916,0,1,0
6.64,43.8,75.85,0,5.8,405429,1,1,0
7.11,81.29,73.28,6,5.5,180325,3,1,0
7.98,78.48,40.41,8,7.2,371343,0,0,1
7.86,49.42,89.42,7,7.0,89250,3,1,1
5.45,98.21,33.52,3,4.6,248515,3,0,1
4.47,66.65,70.11,1,6.9,284392,2,0,0
9.88,84.71,31.24,6,3.6,342097,0,0,1
8.75,97.79,74.63,8,4.7,393196,3,1,0
6.18,43.26,45.6,7,3.0,452347,3,1,1
8.3,46.84,83.15,3,0.5,236195,2,1,1
8.21,42.75,41.49,2,6.7,439289,3,0,1
5.53,51.76,38.45,6,2.1,482303,1,1,1
4.65,64.87,94.86,1,6.3,286194,3,0,1
9.78,40.26,81.53,8,7.5,489781,3,0,1
8.15,50.42,87.07,1,3.4,364859,2,1,0
6.51,76.54,78.48,3,2.6,229756,2,1,0
8.83,48.29,72.18,8,2.7,417785,2,0,1
5.21,77.45,50.34,5,7.4,119558,1,1,0
8.26,85.65,69.36,6,5.6,491130,2,1,0
8.85,71.36,31.77,2,0.9,79677,1,1,1
8.5,49.66,50.06,4,1.6,82523,2,0,1
8.52,41.94,86.98,1,5.1,404170,1,1,0
5.43,87.06,85.92,4,5.7,74630,3,1,0
6.5,87.29,77.96,8,0.9,439897,2,0,1
7.72,86.86,90.91,3,7.3,419428,2,0,0
8.66,97.86,50.59,2,7.9,89043,1,0,0
8.41,47.16,32.84,4,4.7,118192,1,1,1
4.03,67.98,95.62,0,1.7,219151,0,1,1
6.94,74.36,55.07,5,4.4,146400,0,0,1
6.5,72.22,36.44,3,7.1,397778,2,1,0
6.16,53.11,82.69,8,4.1,344301,0,0,1
8.01,66.74,93.31,3,7.7,407853,2,1,0
9.5,96.7,57.01,8,5.9,62952,2,1,0
6.92,57.79,75.61,5,4.4,100308,1,0,0
7.76,52.65,74.07,3,7.0,272407,0,0,1
7.23,82.16,98.34,6,5.3,87811,1,0,0
6.76,59.9,36.13,0,1.8,182072,0,0,1
9.47,64.46,61.58,6,3.7,58855,3,0,1
7.21,78.49,73.28,0,5.8,88057,2,0,0
5.74,81.15,72.46,4,6.2,279468,3,1,0
8.93,41.85,40.94,3,1.5,254992,2,0,1
5.79,93.22,97.58,5,7.7,55845,1,0,1
4.25,74.36,57.59,8,7.6,209745,1,1,1
5.27,94.34,89.6,2,1.7,165756,2,0,0
4.69,80.26,69.71,0,6.9,337756,3,0,0
5.74,44.04,36.87,7,7.6,237243,1,0,1
4.6,77.17,93.01,5,4.1,222147,2,0,1
7.39,61.87,52.14,6,1.8,214214,1,0,1
8.27,78.45,49.37,5,1.5,434288,2,1,0
6.78,61.52,51.38,8,1.3,388454,0,1,1
9.15,48.4,67.7,4,6.0,378528,0,0,1
9.35,90.98,74.21,6,6.3,161547,0,1,0
7.26,99.92,63.05,2,3.2,167076,2,0,0
6.79,70.62,57.77,8,0.6,175242,1,0,1
6.68,50.75,96.41,2,6.0,303495,2,0,0
5.31,69.26,34.4,5,2.3,400531,1,1,1
6.33,95.07,91.71,0,7.9,219906,0,1,0
9.01,55.8,68.1,2,3.3,248452,2,0,0
7.1,62.58,93.51,8,3.5,478467,2,1,0
8.76,93.23,30.46,2,3.8,170581,0,1,0
5.27,51.21,55.36,1,5.5,267376,2,0,1
6.89,68.73,44.75,2,5.4,265429,0,0,0
4.26,74.41,41.28,8,0.8,350033,1,0,1
5.0,95.35,66.16,6,5.0,345491,0,1,1
9.68,53.0,72.46,7,7.0,139426,1,1,1
7.61,87.68,87.43,2,5.2,317808,2,0,0
8.35,60.56,61.74,1,2.2,252093,1,0,0
4.1,71.36,93.65,6,6.7,367462,0,0,1
6.86,76.88,32.73,8,4.3,111612,0,1,1
7.96,94.12,67.75,0,7.2,456255,3,1,0
6.22,42.61,67.09,3,7.5,302771,3,1,0
7.53,84.48,83.31,1,3.7,183440,3,0,0
9.46,45.03,71.88,8,3.6,149101,0,0,1
7.47,47.07,30.5,3,5.7,215623,3,1,1
4.64,65.56,70.98,4,6.9,272068,2,1,1
9.95,63.85,44.26,8,6.4,302952,1,1,1
7.35,69.03,99.2,5,6.3,258734,1,0,0
8.49,66.8,78.95,2,1.3,316518,3,1,0
8.81,76.84,77.92,0,1.7,383382,0,0,0
8.94,68.3,72.02,1,1.0,166271,2,0,0
7.65,83.47,95.15,6,5.1,323156,2,0,0
9.67,89.21,74.82,7,0.6,495942,2,0,1
4.2,75.97,66.11,3,5.1,403382,0,1,0
5.44,40.02,41.02,4,6.3,235140,3,1,1
7.52,71.06,81.58,1,7.4,338144,2,1,0
6.08,88.93,45.84,3,3.9,261789,0,1,0
5.05,70.37,69.1,8,2.7,111346,2,1,1
8.17,97.96,69.42,3,6.2,456637,3,1,0
9.38,91.72,63.74,4,1.0,382221,1,0,0
8.8,64.75,54.72,8,0.6,486300,2,0,1
5.72,63.94,82.42,5,1.1,143577,3,1,1
6.12,93.66,48.84,3,4.2,154682,1,0,0
9.24,52.41,44.19,3,6.8,236660,1,0,1
4.72,44.71,96.9,7,5.1,450684,0,1,1
6.23,58.93,92.87,4,4.2,450693,2,1,0
5.33,74.6,33.79,6,4.1,333518,0,1,1
6.36,81.18,42.24,1,5.7,291209,2,0,0
4.07,52.65,70.67,5,3.2,186157,1,1,1
5.42,68.28,72.92,5,1.9,272268,1,1,1
8.2,62.34,89.8,4,3.9,349583,1,0,0
8.89,83.25,86.29,8,3.7,249692,1,0,0
8.8,84.31,63.11,0,1.8,311933,1,1,0
8.71,58.0,69.35,0,3.5,412043,1,0,0
5.29,55.26,88.73,1,3.9,225456,2,1,0
6.16,73.45,86.7,5,0.6,113563,2,0,1
7.46,78.99,67.69,4,3.2,402946,3,1,0
9.34,62.86,50.06,2,7.0,385848,2,1,0
7.79,74.3,89.42,1,1.1,230158,1,1,0
5.9,57.48,48.72,6,2.5,283254,2,1,1
6.48,51.03,31.62,3,5.5,440004,0,0,1
5.0,46.18,34.47,7,4.6,63822,3,0,1
4.62,77.09,35.9,6,2.8,179707,2,1,1
7.76,47.88,88.7,0,0.8,237087,2,1,0
6.8,92.25,95.44,8,3.8,415755,1,1,0
7.79,78.15,69.48,8,5.3,329856,2,1,0
6.89,53.63,36.27,4,3.2,186213,1,1,1
4.06,71.4,83.08,2,3.1,295994,0,1,1
9.68,68.62,30.64,6,6.5,363001,1,0,1
7.29,51.31,91.75,6,3.5,135600,3,1,1
5.32,44.75,73.77,8,6.2,371501,2,1,1
7.89,71.92,48.82,3,6.9,145633,1,1,0
4.66,67.32,61.69,7,1.9,60168,1,0,1
9.82,41.33,98.06,4,2.5,424968,3,0,1
5.4,49.04,64.55,5,3.7,461946,3,1,1
6.78,87.49,53.12,2,0.9,456665,3,0,0
7.26,50.9,92.7,4,6.6,484242,0,0,1
9.85,82.88,56.94,7,2.4,67569,1,1,0
8.41,45.64,76.62,3,4.0,407272,2,1,0
4.95,83.69,82.13,8,4.4,182808,3,1,1
5.19,93.25,90.46,3,7.8,173714,3,1,0
4.09,87.66,70.93,6,6.4,54681,0,1,1
8.13,49.3,83.96,3,1.7,97920,2,0,1
4.36,78.67,79.09,1,1.4,171988,2,1,0
8.83,66.32,43.51,6,3.2,120638,2,0,1
6.91,66.25,50.63,7,1.9,147846,2,1,1
8.39,56.52,88.19,8,1.7,328468,1,1,1
5.77,55.8,55.7,0,6.3,315267,3,0,0
9.3,77.18,55.49,3,2.9,83209,3,0,0
7.14,69.85,68.6,4,2.9,386018,2,0,0
4.58,79.53,33.06,2,1.8,66396,1,0,1
6.91,45.93,69.97,6,5.4,325681,2,0,1
6.2,76.36,34.96,3,5.4,486248,0,1,0
8.81,43.64,69.06,6,6.7,466415,0,1,1
7.17,84.06,88.41,1,7.6,322359,0,0,0
8.35,71.9,43.26,8,5.4,348858,1,1,1
8.48,85.98,70.36,7,5.8,273910,0,0,0
8.75,73.0,65.33,2,4.5,364528,3,1,0
9.41,73.0,99.78,5,3.6,382000,3,1,0
7.65,73.79,44.97,8,7.4,183215,2,1,1
6.68,63.83,80.84,4,5.0,321376,1,1,0
4.04,99.06,45.04,5,0.7,480933,2,0,1
4.57,67.62,40.93,4,3.3,355217,1,0,1
5.54,58.02,69.93,3,6.0,429364,2,1,0
5.04,89.54,78.27,1,5.0,207492,0,1,0
4.47,43.36,83.96,5,7.1,277700,3,0,1
9.22,53.6,75.69,0,5.3,381451,3,0,0
5.83,42.47,67.8,2,3.0,415831,1,0,1
4.3,83.89,57.5,7,6.1,351599,0,0,1
6.59,87.18,40.36,5,1.1,349599,0,1,1
5.58,63.91,60.41,2,6.2,302141,1,1,0
6.37,74.28,69.28,8,2.3,87562,2,1,0
5.94,95.45,36.27,6,3.7,232613,1,1,1
6.07,79.32,83.88,2,7.9,373077,3,0,0
6.64,95.45,46.34,5,1.7,431936,0,0,1
8.44,54.58,73.47,2,7.0,479986,2,0,0
6.06,88.26,51.36,7,0.7,159581,1,0,1
7.28,85.02,68.42,2,5.7,400361,0,1,0
7.5,79.81,33.04,2,1.0,155222,2,0,0
6.79,96.71,34.66,4,5.5,396082,2,0,1
4.11,92.04,75.46,3,7.8,316621,0,1,0
6.91,75.83,36.16,3,4.3,290116,0,0,0
5.48,71.76,53.35,6,6.1,59632,2,1,1
6.13,58.14,99.72,8,2.6,82510,2,1,1
9.34,88.89,32.06,8,7.6,168270,1,1,1
9.38,79.42,36.15,6,4.4,405464,1,1,1
5.44,49.16,97.94,5,3.9,119086,1,0,1
7.49,81.04,44.16,2,2.8,419694,1,1,0
9.97,98.55,40.16,2,2.9,342206,0,0,0
5.91,92.78,80.9,5,7.1,267076,3,1,0
6.66,96.03,92.59,4,1.6,148531,0,0,0
5.11,85.75,72.84,4,5.0,371054,1,0,0
5.39,41.57,35.56,7,1.5,493620,3,1,1
5.1,63.25,63.17,2,1.9,66897,3,0,1
9.55,97.01,45.58,3,6.2,84674,1,1,0
9.2,69.4,52.74,7,7.2,274162,3,0,1
7.65,89.46,80.41,6,5.1,439266,0,0,0
6.71,89.62,32.97,3,4.4,257414,0,1,0
7.1,77.84,33.45,4,3.8,209674,2,1,0
5.0,57.67,94.33,8,7.3,293048,3,0,1
8.34,46.79,84.51,8,1.5,266824,2,1,1
4.15,67.22,92.76,3,7.1,97280,2,1,1
8.15,94.43,85.75,1,1.2,420266,3,1,0
4.51,82.44,80.88,8,5.1,133833,3,1,1
4.26,50.25,53.46,2,1.7,125815,1,0,1
6.52,58.57,83.8,7,2.7,144736,0,0,1
9.76,40.21,83.58,0,3.9,498481,3,0,0
7.65,69.61,45.18,7,3.9,281669,0,0,1
5.47,72.84,73.38,8,6.7,158861,0,0,1
4.89,79.2,32.57,0,5.5,489360,2,1,1
9.52,42.94,59.19,2,1.7,199097,1,1,1
8.5,61.61,32.51,4,2.9,248673,0,1,1
9.06,43.9,62.96,1,5.7,193874,2,1,0
7.15,81.75,72.84,1,4.8,379765,0,1,0
8.34,76.29,85.17,4,3.7,494490,2,1,0
7.15,99.7,54.77,2,5.1,310254,3,1,0
8.85,93.02,46.29,4,7.8,50828,0,0,1
6.79,87.8,81.62,3,6.5,267386,3,0,0
6.0,73.62,74.63,0,5.3,411767,2,1,0
8.74,58.47,65.47,5,6.3,109683,2,1,0
6.38,74.14,97.21,2,2.0,487164,2,1,0
9.5,87.84,75.2,7,1.7,291496,2,1,0
8.7,64.84,81.98,8,2.7,430090,2,0,1
5.25,81.13,85.97,5,1.0,128278,2,0,1
6.03,62.51,67.4,2,4.8,254244,1,0,0
9.19,85.09,79.37,5,5.8,192342,3,0,0
6.98,54.26,61.63,4,2.1,208501,1,0,1
6.25,42.24,44.15,1,3.8,63073,3,0,1
5.14,95.42,81.27,8,2.8,221619,1,0,1
8.93,96.28,77.37,2,2.0,69164,3,1,0
8.28,71.34,30.29,0,5.7,361577,0,1,0
6.8,42.77,66.44,4,0.7,447669,2,0,1
5.93,51.55,49.37,5,6.3,401862,0,1,1
4.9,56.42,31.07,8,4.4,158306,2,1,1
5.63,96.6,86.28,3,1.8,213251,2,1,0
4.3,41.74,93.23,0,1.3,78206,0,1,1
6.35,82.28,92.39,7,5.1,213808,2,0,0
8.28,80.25,67.34,7,4.8,98714,3,0,0
6.73,81.07,79.72,7,4.0,167332,1,1,0
9.48,63.52,78.97,5,6.4,220268,3,1,0
4.18,68.52,54.6,7,6.8,197984,2,0,1
7.05,64.34,80.0,1,2.9,390499,0,1,0
7.2,64.05,58.94,3,4.6,302903,3,0,0
6.04,88.83,71.37,6,4.8,229411,1,0,0
7.98,44.67,95.16,7,1.4,362515,3,1,1
7.33,89.32,42.33,6,1.0,107013,3,1,1
6.97,79.61,36.34,2,7.2,445831,0,0,0
7.97,67.18,50.41,7,2.0,407311,2,1,0
7.42,94.79,51.32,6,5.9,230493,0,0,1
7.67,70.63,89.33,4,1.0,337773,0,0,1
8.22,89.25,55.15,4,7.0,173334,3,1,0
7.75,82.71,58.42,6,4.6,397334,1,1,0
4.83,73.33,89.03,5,6.8,130880,2,0,1
4.81,44.3,31.1,7,5.4,121185,0,0,1
7.85,64.95,61.92,6,5.2,288233,3,1,0
6.31,53.54,59.73,0,4.8,493969,1,1,0
6.47,72.77,55.69,0,4.8,419561,2,0,0
7.48,97.7,35.6,8,7.9,443521,2,1,1
7.1,71.4,72.7,3,4.0,438857,0,1,0
7.68,94.22,67.45,0,4.0,318783,3,1,0
6.53,97.63,85.88,4,1.8,414406,2,1,0
4.37,68.39,41.84,0,5.4,202962,0,1,1
6.91,47.61,35.38,4,2.4,372855,2,1,1
9.15,40.85,37.81,2,7.3,437431,1,1,1
6.22,50.52,84.78,3,4.1,469101,0,1,0
9.9,98.04,71.69,2,6.8,444663,3,1,0
5.43,66.41,74.63,3,4.8,491362,2,0,0
7.85,85.33,38.12,2,4.0,299682,2,1,0
8.48,85.15,67.28,6,5.6,254509,3,1,0
4.87,92.22,30.83,7,3.4,215511,0,0,1
9.51,78.25,96.93,6,5.1,391870,2,1,0
5.62,88.14,47.87,6,4.0,404047,1,0,1
7.12,80.66,99.53,5,4.6,402741,0,0,0
4.07,45.86,37.27,7,3.1,430240,2,1,1
5.16,41.42,36.44,3,7.6,384539,0,0,1
4.52,76.28,56.32,2,7.2,414722,1,1,0
5.77,79.63,35.3,7,7.4,194904,3,1,1
5.54,86.84,49.41,0,3.4,224406,0,1,0
9.73,55.88,60.84,7,7.8,155208,3,0,1
7.87,46.51,67.84,6,2.1,387294,0,1,1
8.29,46.2,35.1,4,6.3,59838,3,0,1
7.92,40.05,32.65,6,2.5,417030,2,1,1
7.45,70.92,95.79,7,4.1,261766,0,0,1
4.02,97.25,87.26,7,1.4,330653,2,1,1
8.09,64.04,74.26,1,3.2,497397,2,0,0
9.05,85.63,50.3,3,1.8,70620,3,0,0
5.79,63.41,37.47,5,4.1,381764,3,0,1
4.84,51.59,80.38,3,4.2,83026,2,1,1
7.2,90.06,61.45,0,0.8,79388,2,0,0
6.43,52.7,75.77,8,3.9,405508,1,0,1
9.55,42.21,39.91,0,4.0,374205,0,0,1
8.21,47.83,42.06,0,7.3,480303,0,1,1
7.67,90.12,34.48,1,1.4,361939,1,0,0
8.83,65.57,86.81,6,2.9,408659,1,1,0
9.02,87.59,83.5,2,3.0,113305,2,0,0
8.55,50.08,55.89,2,3.8,355128,0,0,1
4.6,90.84,72.87,2,0.6,305311,0,0,1
4.04,95.57,79.47,4,3.6,473316,3,0,1
5.24,78.39,66.62,6,2.3,141513,0,0,1
8.3,76.72,36.16,4,3.1,52396,1,0,1
4.71,71.81,36.7,5,7.0,332970,1,1,1
8.62,79.56,49.35,3,1.3,128232,3,1,0
5.06,80.21,33.02,5,2.6,277893,2,1,1
7.7,93.4,61.72,1,6.1,331731,1,0,0
8.71,69.1,38.12,3,5.9,360748,2,1,0
5.19,80.61,52.8,1,2.9,101413,1,1,0
9.22,62.53,45.45,7,4.9,78489,3,0,1
5.3,76.57,42.46,5,1.5,427393,1,1,1
9.85,52.13,38.9,0,2.6,108253,3,1,1
6.51,85.62,45.39,4,5.0,463949,1,0,0
4.52,91.42,64.24,3,4.9,488823,3,1,0
4.09,65.69,91.08,3,3.0,353807,1,0,1
9.48,93.9,59.24,0,0.8,296757,0,1,0
7.19,68.76,85.86,1,3.9,176097,0,0,0
8.16,64.4,45.26,5,2.7,389549,0,0,1
6.88,58.29,79.23,0,7.8,293144,1,1,0
5.11,92.29,73.88,0,7.0,87066,3,1,0
7.19,57.8,82.7,8,4.8,158604,0,1,1
8.41,43.29,96.17,5,7.2,108178,3,1,1
6.79,42.45,55.65,8,5.8,343998,1,0,1
9.89,54.32,37.95,7,6.0,444409,1,0,1
5.92,93.88,65.25,6,2.6,83223,2,1,1
6.71,70.09,88.07,7,5.8,405628,2,1,0
7.73,87.99,96.18,1,1.9,290057,0,0,0
6.34,50.73,97.08,1,1.3,194673,0,0,1
6.98,92.5,66.45,0,2.7,407775,1,1,0
6.08,66.63,75.13,4,1.9,61553,1,1,0
6.47,60.57,75.22,5,4.1,399099,3,1,0
5.82,47.92,85.25,2,6.4,168899,3,1,1
9.82,86.18,33.31,5,2.6,137222,1,1,0
5.09,50.52,79.57,2,1.7,111298,0,1,1
7.45,66.45,55.88,3,4.7,68187,2,1,0
4.89,66.91,98.28,8,2.8,63067,3,1,1
8.61,96.87,94.95,2,0.5,437184,2,1,0
6.84,57.39,96.08,2,6.5,431966,3,1,0
8.13,83.9,93.01,2,5.6,111276,2,0,0
6.41,90.45,61.22,1,2.9,368846,1,0,0
8.69,86.03,43.7,1,4.5,283548,0,1,0
5.17,59.07,72.36,0,7.3,239301,3,0,0
8.3,65.66,57.03,0,2.6,234211,2,1,0
9.25,45.26,80.95,7,6.1,267899,3,1,1
4.98,83.68,92.84,6,1.5,357851,0,0,1
5.25,68.48,90.73,5,1.0,359685,3,0,1
4.04,78.33,49.13,2,4.7,422373,1,0,1
5.12,62.91,68.77,0,6.7,208331,2,1,0
7.36,67.81,31.88,0,1.7,207375,3,0,0
7.92,93.56,59.2,7,7.3,388053,1,0,0
4.72,56.63,99.6,1,5.0,239666,3,1,0
9.21,77.68,63.32,1,3.3,434280,0,1,0
4.98,43.51,52.38,2,3.2,77728,2,1,1
6.52,94.73,54.92,4,2.7,384991,0,0,0
8.6,50.99,36.62,2,4.6,215785,2,1,1
8.11,81.3,36.71,5,6.7,56762,1,1,1
6.24,69.09,53.82,2,1.3,131031,1,0,0
8.77,73.52,78.28,8,6.8,423579,0,1,0
6.76,44.58,87.32,0,4.1,213354,2,0,0
8.9,93.38,71.84,5,1.8,209742,0,0,0
5.33,91.41,39.97,3,2.8,160017,1,0,1
6.55,85.78,37.82,0,6.3,447061,3,0,0
5.18,41.97,76.19,0,4.0,182651,0,0,1
5.81,40.62,36.76,1,7.4,157689,1,0,1
8.02,41.76,40.19,4,7.6,232366,2,0,1
9.13,86.85,72.91,8,4.8,101959,0,0,0
8.29,97.86,42.02,8,0.5,430291,0,0,1
9.52,91.08,63.23,2,3.8,106268,1,1,0
9.89,65.45,66.0,6,1.3,214773,0,1,1
4.66,48.15,83.36,4,4.7,71290,0,1,1
6.96,63.09,61.99,4,5.7,490973,3,0,0
7.32,57.44,89.88,3,6.9,490956,3,1,0
5.08,99.92,64.42,1,3.5,324025,0,0,0
4.86,64.04,71.34,1,6.1,138459,0,1,1
9.85,60.32,71.65,6,1.4,489410,3,1,1
5.67,82.81,70.73,4,6.2,469946,3,1,0
6.85,76.19,58.31,7,4.3,127266,3,0,0
4.73,69.36,46.16,2,0.7,436818,0,0,1
6.99,41.6,42.54,5,1.6,376089,0,0,1
7.97,71.2,64.45,7,2.0,397127,3,1,0
7.03,72.55,86.66,8,4.6,450537,0,1,0
9.28,47.15,61.51,6,3.8,68864,0,0,1
7.34,91.62,51.21,2,4.2,120510,2,1,0
6.92,46.56,77.25,8,5.6,350002,3,1,1
7.37,49.38,33.9,4,4.2,248074,2,1,1
5.92,41.69,33.16,5,3.1,439051,0,1,1
6.28,65.69,99.44,6,3.1,396680,1,0,0
5.41,58.73,35.95,1,7.0,110015,2,0,1
4.12,59.57,62.26,6,4.8,270815,2,0,1
8.18,75.28,99.0,6,4.8,219041,0,1,0
4.6,80.51,53.52,8,6.6,399903,2,0,1
7.69,61.8,60.52,7,5.3,462693,0,0,1
5.72,42.85,99.74,6,6.5,377455,0,0,1
7.55,56.4,69.65,8,4.1,159963,2,0,1
7.91,58.11,86.29,6,5.5,214287,1,1,0
6.41,77.5,61.73,8,1.9,59753,1,1,0
5.28,97.73,81.95,7,2.5,384457,3,0,1
7.13,61.86,40.34,2,6.1,451358,2,1,0
6.46,91.61,93.78,3,6.8,189950,2,0,0
5.54,76.07,58.41,1,1.6,64524,1,1,0
6.78,73.59,60.53,0,2.0,192979,1,0,0
5.55,88.21,76.11,2,5.3,72141,3,0,0
4.33,93.79,51.97,4,7.0,263388,2,0,1
6.38,90.39,88.99,3,1.3,435079,0,1,0
6.98,45.41,71.99,5,3.0,356355,3,0,1
9.61,53.08,37.48,3,7.8,280411,3,1,1
9.18,43.36,67.34,1,2.9,272183,3,0,0
9.78,92.77,95.59,5,4.1,242801,2,0,0
7.87,94.31,32.44,0,5.7,463559,1,1,0
7.32,58.56,97.09,5,7.3,409267,0,0,1
9.15,63.31,93.69,6,7.5,183973,2,0,1
9.62,85.4,50.82,2,7.4,381010,2,1,0
8.74,56.44,35.61,7,4.0,266510,2,1,1
9.26,89.21,87.71,4,4.3,234474,3,1,0
6.72,41.64,33.65,2,5.2,464721,1,0,1
6.4,77.7,51.96,1,1.3,180864,1,1,0
8.76,59.16,63.49,2,2.5,410430,2,1,0
5.19,64.87,42.73,6,7.6,349048,1,0,1
9.69,95.39,75.3,3,7.3,292443,1,1,0
8.21,50.13,58.07,6,5.0,128250,0,1,1
5.02,74.03,30.99,8,3.8,287873,3,0,1
5.35,52.19,96.22,4,2.7,309086,3,0,1
6.59,52.4,45.09,4,6.0,149280,3,0,1
6.45,48.76,50.31,4,2.3,286441,1,1,1
7.5,78.83,36.0,7,1.5,219473,3,0,1
8.28,82.51,81.53,4,1.0,342028,0,0,0
6.0,54.09,93.58,0,0.5,314525,3,1,0
9.87,80.28,39.26,8,0.8,144042,2,0,1
7.02,95.82,91.45,2,1.2,422378,3,0,0
5.56,58.8,98.5,7,7.0,487677,2,1,1
9.56,56.98,91.39,4,4.4,278471,1,1,0
8.42,69.48,96.5,8,6.9,394677,3,0,0
5.13,43.27,42.82,7,2.5,420127,3,1,1
4.7,93.71,64.64,7,3.2,421735,3,1,1
6.96,90.75,90.68,1,3.1,156815,2,0,0
9.01,85.0,87.58,3,4.9,52163,1,1,0
9.52,54.77,64.87,1,7.2,63611,2,0,0
6.37,75.42,96.59,5,1.7,92500,3,1,0
6.72,97.31,71.59,0,3.0,72988,3,1,0
9.68,99.99,93.48,2,2.1,75523,2,1,0
8.79,84.63,68.3,6,1.2,183779,1,0,0
9.79,91.93,36.24,3,1.7,458678,3,1,0
7.88,97.27,40.79,4,4.2,276680,2,0,0
6.15,45.77,55.72,3,4.2,253470,3,1,0
7.38,65.38,82.95,5,5.1,277596,3,0,0
4.24,60.5,62.45,3,5.4,424150,1,1,1
7.16,78.83,35.88,7,3.8,470240,3,1,1
4.89,47.67,93.2,3,4.4,204917,0,0,1
9.5,70.8,65.75,6,1.2,396478,2,1,0
5.53,44.91,65.24,1,6.1,292681,1,0,1
9.06,42.72,59.14,4,2.9,429634,3,1,1
7.74,55.9,97.67,2,2.1,91010,2,0,0
6.6,41.07,57.65,0,1.8,300148,3,1,0
9.21,97.95,72.13,7,2.8,476315,2,1,0
8.83,45.26,39.46,3,1.3,58328,1,0,1
5.26,78.92,75.48,6,6.8,499938,1,0,1
5.81,67.81,63.18,0,1.4,129913,3,1,0
6.83,91.59,70.97,3,2.7,484871,3,0,0
6.0,46.16,89.33,6,7.8,494919,3,1,1
4.22,63.98,65.93,7,2.2,81826,0,1,1
7.46,73.2,48.75,6,7.2,111310,3,1,1
6.69,66.17,41.29,3,4.0,279696,1,0,0
7.53,81.1,94.52,7,1.5,203822,3,1,0
9.0,80.39,81.42,7,6.5,492777,1,0,0
5.69,84.96,76.69,2,1.8,131953,3,0,0
8.76,96.58,64.56,3,2.1,74667,0,1,0
9.29,61.42,41.1,8,0.7,83379,2,1,1
4.68,53.6,69.34,7,2.4,228427,2,0,1
8.62,73.42,92.74,8,5.0,104600,0,1,0
8.79,97.76,82.9,1,6.4,369635,0,0,0
7.04,50.02,38.26,3,7.3,132330,2,1,1
8.57,69.9,90.93,2,5.4,225430,1,0,0
9.09,66.35,59.1,0,2.3,474225,3,1,0
5.72,50.28,48.62,6,3.2,398649,1,0,1
8.52,71.78,85.11,2,6.5,266745,3,1,0
9.71,70.97,77.75,0,3.8,453781,0,0,0
4.51,58.89,98.74,2,3.8,256184,0,0,1
9.42,43.47,74.21,8,7.8,269836,3,1,1
8.33,58.82,54.09,4,7.3,370025,1,1,0
6.68,52.31,68.11,7,5.7,475633,3,0,1
9.29,45.06,67.62,6,5.9,438000,1,1,1
5.28,70.7,51.86,5,6.2,133900,0,0,1
9.34,72.4,48.11,4,5.9,314909,0,0,1
9.05,55.59,65.52,1,0.9,391291,0,1,0
5.79,84.21,61.72,3,6.5,354922,1,1,0
5.8,80.02,87.06,2,5.9,322454,1,0,0
5.97,74.94,87.6,5,3.9,126836,3,1,0
4.49,43.73,92.2,7,2.1,90932,2,1,1
7.53,71.14,57.63,4,4.9,383688,3,1,0
8.13,96.87,81.22,6,6.7,125678,1,1,0
8.27,47.76,79.32,8,1.4,161485,3,1,1
4.2,49.41,69.13,1,5.0,264234,0,0,1
6.22,57.38,66.59,1,3.3,246324,2,1,0
6.92,87.47,39.95,6,0.9,209993,2,0,1
5.1,84.38,30.15,8,3.1,73426,3,1,1
7.44,73.95,93.02,6,4.1,427504,1,0,0
7.03,67.66,61.5,7,1.6,431610,2,0,1
8.8,79.87,58.67,3,7.3,227732,0,1,0
8.42,78.75,90.62,0,4.8,467416,2,0,0
7.86,45.11,96.86,8,4.8,77721,1,1,1
7.02,41.12,76.08,8,1.8,59947,2,0,1
5.47,82.34,92.14,7,1.1,329730,2,1,1
7.53,69.49,95.37,5,3.8,267546,0,1,0
6.29,45.46,98.59,8,1.8,125515,1,1,1
8.61,49.25,96.65,2,0.9,220546,1,0,1
8.28,57.88,36.91,2,3.6,219983,2,1,0
9.65,93.97,33.63,3,6.1,357248,1,1,0
7.05,70.27,96.45,4,1.0,293701,3,0,0
6.91,64.45,46.36,0,2.5,357323,0,0,0
8.58,79.09,38.79,6,3.8,493693,1,0,1
6.24,99.12,84.74,8,7.6,341059,3,0,0
4.01,67.88,88.06,4,5.4,137756,0,0,1
9.6,68.93,71.85,6,8.0,491680,1,1,0
4.27,84.35,69.42,4,1.2,416178,0,0,1
8.35,99.93,91.48,3,5.1,470508,2,1,0
7.81,98.78,79.54,4,2.3,218631,2,0,0
6.76,75.97,31.11,2,5.3,51073,3,0,0
9.41,80.36,58.92,7,6.2,332135,0,0,1
7.23,93.55,87.12,7,5.5,235070,3,1,0
6.32,90.35,86.83,0,1.4,244238,1,1,0
4.06,84.59,83.09,5,1.9,477966,2,0,1
5.41,69.63,55.41,4,4.2,419123,1,0,1
5.18,89.27,57.73,4,4.8,309004,1,0,1
7.96,73.94,77.77,2,1.0,117238,0,0,0
5.56,74.19,45.96,8,6.0,193826,1,0,1
9.95,81.58,67.31,4,5.6,287988,0,1,0
7.85,96.58,33.63,5,3.7,263320,2,0,1
8.08,68.0,55.3,0,7.1,167727,0,1,0
9.51,71.94,52.14,6,2.0,92891,0,0,1
9.87,65.43,35.21,3,2.0,222608,2,0,0
7.76,45.8,63.6,0,4.9,378360,2,1,0
5.48,68.41,97.12,0,6.7,322459,1,0,0
8.65,77.17,83.49,7,4.8,94844,0,0,1
6.26,93.41,78.54,2,1.0,470681,3,0,0
5.81,77.57,34.61,0,4.7,204621,3,1,0
4.57,85.12,46.32,0,3.9,293379,3,0,1
6.04,96.26,84.81,7,4.4,358183,1,0,0
4.62,75.71,34.73,3,7.3,116050,2,1,1
6.53,83.48,61.12,3,1.5,73105,0,0,0
5.87,66.15,97.18,5,2.8,333715,1,0,1
6.82,76.2,50.37,0,4.4,394812,1,0,0
5.42,89.15,69.16,0,3.7,152449,1,0,0
8.71,60.49,76.75,7,5.0,223615,2,1,0
6.51,49.74,61.8,0,4.2,51938,1,0,0
6.8,52.79,63.65,5,6.6,247086,1,1,1
5.11,99.39,55.4,1,3.2,340818,0,0,0
5.74,51.66,71.0,5,0.8,65563,1,0,1
5.7,53.14,48.34,2,3.0,340720,1,0,1
5.18,50.56,48.33,1,0.7,405180,1,1,1
7.93,93.1,53.69,3,2.8,175907,2,1,0
7.97,96.47,98.4,6,7.1,84276,0,0,1
9.3,47.85,43.27,8,3.3,246217,2,1,1
9.86,54.67,33.23,3,6.9,204236,1,1,1
5.48,77.77,49.61,2,6.9,356227,3,0,0
8.36,87.08,85.37,1,1.8,253484,2,1,0
7.11,50.74,79.87,8,5.7,425206,3,1,1
5.61,64.06,94.48,0,2.1,156430,3,0,0
6.38,58.36,92.21,2,7.5,246139,2,0,0
4.81,45.04,61.12,5,2.2,71570,3,1,1
6.56,68.05,58.63,7,2.9,250472,0,0,1
6.65,55.94,35.31,1,2.7,313069,0,1,0
9.56,45.9,34.99,0,4.6,224985,1,1,1
5.5,84.71,83.79,4,1.9,366687,1,1,0
4.05,57.97,87.56,6,7.6,480892,0,1,1
7.92,99.36,96.6,6,2.2,429236,1,1,0
5.4,75.22,68.68,7,5.9,291907,2,0,1
5.88,51.27,83.91,6,2.1,285914,0,1,1
4.83,92.43,51.39,0,4.2,395426,2,1,0
5.35,65.54,82.68,8,2.7,357733,0,0,1
9.53,49.22,96.68,5,4.8,468982,3,1,1
5.23,63.44,67.41,3,4.1,222407,3,1,0
4.56,46.26,68.7,0,6.7,366336,3,0,1
5.12,44.17,97.41,4,2.0,202623,0,1,1
4.34,71.11,42.03,6,3.4,108061,1,1,1
6.87,44.13,96.86,3,1.5,157833,2,1,0
8.91,79.89,41.11,4,4.9,313441,3,1,0
5.21,99.47,61.2,6,5.0,179415,2,1,0
6.76,74.57,81.61,4,5.3,289236,2,1,0
6.35,89.41,89.49,6,2.4,373871,3,1,0
6.31,79.54,78.9,1,3.5,72892,1,0,0
5.64,77.68,50.43,1,5.7,428750,1,1,0
6.47,85.71,38.49,5,1.1,105167,2,1,1
6.71,55.17,65.42,7,0.7,384950,3,1,1
6.06,63.96,43.61,0,0.6,110126,1,1,0
8.02,67.85,62.29,1,4.6,177031,3,0,0
6.82,56.75,41.3,0,5.1,142923,2,0,0
7.21,63.45,35.43,0,5.6,130476,3,1,0
5.07,82.86,92.49,8,2.1,415293,0,0,1
6.34,58.5,33.67,0,0.9,247863,1,0,1
6.25,54.31,36.4,6,0.7,57633,2,0,1
8.08,43.79,97.11,1,6.5,485395,1,0,0
4.26,70.75,87.09,5,4.7,149377,1,1,1
9.63,47.25,44.96,5,2.9,57861,3,1,1
4.07,52.77,45.41,4,5.4,243451,0,0,1
9.31,64.67,83.73,7,7.9,103379,1,1,0
9.75,75.99,98.7,6,5.6,454439,1,1,0
5.05,85.7,78.13,7,1.0,59253,3,1,1
7.07,84.51,65.24,0,2.2,373144,0,1,0
5.42,65.71,47.05,1,0.9,246358,3,1,1
5.21,62.54,74.94,3,7.4,363563,3,1,0
4.81,59.05,85.09,0,4.4,267523,2,0,1
5.37,83.97,53.99,3,4.5,398654,1,0,0
7.65,62.89,52.51,7,5.2,83877,3,0,1
9.72,43.13,99.44,3,1.4,141056,1,0,1
7.04,65.57,62.7,2,5.9,178411,3,0,0
7.64,58.19,70.35,3,2.5,459620,3,0,0
9.71,61.57,56.44,7,3.8,314918,3,0,1
8.92,87.61,31.39,6,3.7,93637,2,0,1
7.32,50.54,56.63,4,3.9,246685,3,0,1
6.0,82.89,43.7,3,0.5,312510,2,1,0
6.43,64.95,57.63,5,3.4,211381,0,1,1
9.31,99.55,38.71,2,2.0,278745,2,1,0
7.06,69.32,78.19,0,5.4,272319,1,0,0
6.87,95.29,55.3,0,5.7,388340,1,1,0
7.63,96.66,40.32,3,5.0,397395,1,0,0
4.7,45.54,79.81,6,3.5,357316,0,0,1
9.26,49.95,59.88,4,4.3,329551,3,1,1
8.4,85.15,94.7,1,1.3,350213,2,0,0
5.61,52.57,82.38,4,0.5,138289,3,0,1
4.58,86.42,59.25,6,5.4,434325,3,0,1
5.06,51.18,39.4,7,1.9,107796,3,0,1
5.11,43.54,42.79,3,2.4,264324,3,0,1
9.21,49.97,50.52,6,1.4,83692,2,0,1
7.51,68.67,77.1,1,0.6,189502,0,0,0
4.58,71.34,30.51,8,7.9,449173,2,1,1
6.84,60.22,60.06,5,5.6,229871,2,0,0
9.65,79.9,56.49,0,7.8,223148,0,0,0
6.74,81.9,80.77,2,0.7,114432,2,0,0
6.21,77.1,76.12,7,4.4,396149,1,0,0
9.92,97.45,86.88,0,5.3,73988,2,1,0
5.4,69.07,81.74,1,3.1,299625,0,1,0
5.76,51.7,40.02,8,7.1,461493,0,0,1
6.99,45.23,88.26,8,7.9,294739,1,1,1
9.73,68.93,67.85,3,2.1,444921,0,0,0
6.61,82.95,41.22,5,7.3,451766,2,0,0
8.32,79.96,96.61,1,5.5,330254,3,0,0
8.77,59.97,45.67,1,5.3,247661,3,1,0
8.85,53.41,38.1,1,1.3,228382,1,0,1
7.44,47.65,51.94,6,4.8,50880,2,0,1
7.54,51.39,57.17,6,2.9,241377,1,0,1
4.64,40.55,89.67,5,1.6,205621,1,1,1
8.08,48.85,49.84,0,5.0,211948,0,1,1
9.98,82.39,63.48,3,4.2,419172,3,0,0
9.89,59.99,87.95,3,6.9,474892,1,0,0
9.54,86.56,89.97,6,2.7,477301,1,0,0
7.29,60.24,77.45,5,6.2,255029,0,1,0
5.69,95.38,79.08,8,3.5,118629,2,0,1
9.1,82.58,62.03,2,4.8,281674,3,1,0
9.38,52.59,86.31,3,6.0,54788,2,0,1
8.07,99.31,40.33,6,5.6,138197,0,0,1
6.13,68.43,96.15,1,7.9,390838,2,1,0
9.82,77.62,58.28,0,1.4,257956,3,1,0
8.13,97.27,75.7,6,6.3,466979,0,1,0
9.19,79.02,49.27,7,3.3,112914,0,0,1
4.73,78.48,93.59,3,0.7,350407,3,1,1
8.16,45.67,71.5,6,4.1,387954,3,1,1
7.43,45.97,34.44,8,1.9,476176,0,1,1
7.34,72.19,86.85,7,1.0,488904,0,0,1
9.79,93.86,42.65,2,0.5,284478,2,0,0
4.23,74.5,75.68,1,4.7,496405,0,0,1
9.88,70.37,55.45,8,1.8,395065,0,0,1
5.8,96.77,66.36,4,5.4,283266,1,1,0
8.17,71.36,99.02,5,5.0,317696,1,0,0
7.98,42.68,32.57,2,2.7,486536,1,0,1
7.61,52.96,55.13,2,6.0,271257,0,1,1
5.56,78.99,41.43,7,1.1,183263,3,0,1
7.22,44.23,81.29,3,5.9,345510,1,1,0
8.93,58.98,85.14,6,0.7,366464,1,0,1
5.62,71.89,77.88,6,1.0,385637,0,1,1
9.46,86.68,40.24,3,2.6,101352,3,0,0
6.27,46.3,94.79,2,4.4,210720,3,0,0
7.17,82.03,90.58,8,2.5,101939,0,0,0
5.91,85.11,42.65,8,4.6,495450,3,1,1
7.55,55.54,78.07,2,5.4,124800,3,1,0
4.32,83.53,98.21,3,5.6,269280,3,0,0
6.63,61.24,62.81,4,2.6,274272,1,1,0
7.81,45.22,51.4,5,6.8,382753,0,0,1
8.38,96.69,41.56,0,1.1,199868,3,0,0
9.77,65.44,65.61,2,4.1,320014,0,1,0
4.08,51.41,88.2,0,5.9,418360,2,0,1
9.97,79.67,94.43,8,5.6,72206,3,0,0
8.05,92.92,66.65,3,1.8,242440,1,1,0
9.71,65.36,56.54,5,7.8,227187,1,0,0
5.74,68.99,48.53,0,6.0,348237,3,0,0
9.54,95.75,97.14,8,6.7,68575,3,1,0
4.34,40.35,62.22,4,3.2,52702,2,0,1
6.41,40.53,60.16,3,1.1,319651,1,1,0
4.74,69.24,40.89,4,2.2,257281,2,1,1
6.19,93.53,67.55,4,1.3,279938,3,0,0
4.84,84.83,30.41,3,1.3,199369,0,0,1
6.37,84.64,93.07,2,5.5,301288,2,0,0
6.53,73.01,85.99,2,2.9,450761,3,1,0
4.79,97.46,85.49,2,1.7,312144,0,0,1
4.31,89.79,60.08,0,3.8,201763,2,1,0
4.5,65.74,73.23,8,1.9,197397,0,1,1
9.97,54.84,87.44,3,4.1,460369,0,0,1
5.13,91.29,74.02,2,2.2,119361,3,0,0
5.64,51.53,40.23,0,5.1,97676,0,1,1
6.44,58.39,74.33,3,2.2,273386,3,0,0
7.06,78.63,51.3,4,3.2,234037,3,0,0
5.92,42.85,32.86,0,5.5,218631,1,1,1
6.83,94.51,37.05,2,2.4,307575,2,1,0
5.83,45.81,30.96,8,6.3,118318,2,1,1
8.45,61.68,84.52,8,5.0,174912,2,0,1
7.51,45.23,37.45,1,0.8,393070,1,0,1
8.23,95.53,35.24,8,5.1,208060,3,0,1
7.2,49.22,38.95,6,4.6,182396,2,1,1
6.69,83.04,93.76,1,4.1,324602,0,0,0
7.59,81.8,39.03,0,7.7,81873,1,1,0
6.97,71.95,65.94,1,1.7,443597,3,1,0
6.41,56.29,42.88,2,4.8,360437,0,1,0
7.02,83.23,48.12,3,2.7,190779,0,0,0
5.34,72.01,50.43,2,7.6,195624,1,1,0
9.24,43.09,98.6,3,4.5,50733,2,1,0
5.95,96.79,91.88,4,5.9,264089,2,1,0
9.91,77.56,30.73,5,2.1,196638,1,1,0
9.83,72.24,98.51,1,5.9,410770,3,1,0
9.22,78.06,68.56,7,2.2,190925,1,1,0
4.93,53.9,80.84,5,1.6,301137,0,1,1
5.09,51.1,90.36,3,4.8,432457,1,1,1
4.13,49.78,42.44,6,5.7,148486,0,0,1
4.43,54.72,93.64,6,1.3,326183,1,0,1
7.62,62.67,31.45,0,6.2,387894,0,0,1
5.49,45.02,39.98,0,6.4,54926,0,1,1
9.12,45.1,39.75,7,6.6,211158,2,1,1
4.93,43.35,78.44,8,1.4,482498,0,0,1
7.27,46.15,92.05,6,1.6,167604,0,0,1
6.56,48.84,75.88,3,7.4,408831,3,0,0
6.95,99.45,45.72,4,3.2,372802,2,0,0
6.16,95.48,35.94,0,5.0,143358,3,1,0
7.6,80.77,40.52,4,5.2,200473,2,0,0
5.63,69.96,55.84,4,6.6,422929,0,0,1
9.17,98.68,84.44,2,2.9,254786,3,1,0
8.89,46.79,59.92,4,1.6,219373,1,0,1
8.61,61.16,64.59,7,5.7,267026,2,0,1
8.81,79.24,47.21,6,4.6,332458,3,0,1
6.31,74.86,59.53,3,5.8,173308,2,0,0
5.22,91.04,55.37,7,7.7,107753,0,1,1
6.17,90.96,84.51,2,2.7,125570,3,0,0
5.26,53.48,82.29,1,7.7,419079,1,1,0
8.4,81.77,59.73,0,5.8,397470,0,1,0
9.02,92.23,32.11,5,1.6,178474,0,0,1
7.42,88.82,40.48,2,4.0,123459,2,1,0
6.47,60.24,84.7,0,2.7,131729,0,0,0
7.63,50.41,41.22,6,6.7,406465,3,1,1
9.51,70.11,79.65,6,7.5,192515,0,1,0
9.87,47.51,44.83,0,2.1,146308,0,1,1
6.86,79.16,58.36,6,1.7,471181,2,1,0
5.17,46.5,35.45,5,0.7,197957,1,0,1
4.39,75.83,82.96,4,1.9,155762,0,0,1
5.62,98.6,69.54,7,0.8,214930,0,1,1
4.05,61.4,49.77,6,4.3,214874,3,1,1
9.84,82.16,36.82,6,7.2,314020,0,0,1
4.14,87.76,63.39,0,2.7,129449,3,0,0
9.31,45.6,80.29,3,6.6,392999,1,0,0
9.96,70.1,99.46,8,7.5,228999,3,0,0
6.03,61.62,89.92,6,0.8,423692,3,0,1
5.25,76.62,35.25,2,4.8,310845,0,0,1
4.86,92.23,68.3,1,4.2,288450,2,0,0
9.6,49.69,49.61,5,3.2,87294,1,1,1
5.55,68.4,47.92,7,5.4,123634,0,1,1
4.24,91.54,58.07,2,3.8,318686,2,1,0
4.5,64.79,61.51,0,5.2,387571,0,0,1
8.2,73.65,40.82,1,2.7,132945,3,0,0
5.34,92.45,76.84,5,4.0,386846,3,0,0
4.51,83.91,94.22,6,6.3,154580,3,1,1
4.39,60.55,72.31,3,5.8,299676,0,1,1
6.73,72.7,96.4,2,5.3,217870,0,1,0
4.37,88.51,85.27,7,2.1,160883,0,1,1
5.62,78.14,35.85,1,2.6,92839,2,1,0
9.23,71.49,76.88,4,1.9,78176,0,1,1
6.05,85.19,41.52,5,7.6,302510,3,0,0
9.79,66.21,93.88,6,6.7,344077,1,0,0
8.34,74.71,40.12,5,0.6,290469,1,1,1
9.19,46.82,97.9,6,2.5,428685,0,1,1
9.66,91.44,74.4,1,0.8,440965,1,1,0
8.18,86.46,72.07,3,3.1,150222,0,1,0
8.88,40.97,92.77,8,6.6,115402,3,1,1
6.48,61.1,87.97,6,4.4,451122,2,0,1
9.56,67.53,56.12,8,5.0,334564,3,1,0
5.71,79.58,77.62,4,5.8,499313,0,0,1
8.84,46.23,75.47,6,1.3,443186,0,1,1
7.02,88.35,76.74,6,2.1,457308,3,1,0
4.69,91.38,96.54,5,7.8,293241,3,1,1
4.05,62.48,45.68,4,2.5,395338,2,1,1
9.03,87.71,59.03,3,0.5,267347,0,0,0
4.16,87.43,88.85,8,6.7,364544,2,1,1
5.02,74.33,60.1,8,7.8,151009,3,0,1
8.81,74.67,39.02,6,7.8,141077,3,1,1
7.1,66.24,36.97,2,4.3,381056,3,1,0
9.02,49.54,52.57,1,1.2,279334,0,0,1
4.17,82.45,94.44,1,4.8,63259,1,1,0
7.81,86.66,43.06,3,2.7,330712,1,1,0
8.62,79.56,49.25,2,5.2,384698,0,0,0
6.75,75.75,37.5,4,2.5,144700,0,0,1
6.97,61.68,88.68,6,1.3,467040,0,1,1
4.44,97.55,35.34,6,3.3,214408,3,0,1
5.08,40.61,42.51,0,1.4,229731,2,1,1
9.97,76.0,30.35,8,6.1,113750,1,0,1
7.22,71.08,83.27,3,7.0,110182,1,0,0
5.97,53.19,80.94,2,2.5,302483,1,0,1
6.09,73.09,50.6,7,3.8,259684,1,1,0
5.04,81.22,92.11,4,7.7,103946,2,0,0
8.76,97.23,64.15,7,3.7,441684,2,1,0
7.74,76.44,60.05,5,3.3,381716,0,1,0
5.0,42.03,65.79,6,2.7,483421,2,1,1
4.18,50.79,52.59,2,3.2,88084,1,1,1
6.23,86.77,38.56,5,5.7,425811,2,0,1
6.79,87.71,92.91,8,1.0,198695,1,0,0
4.62,56.68,72.55,1,4.8,388831,3,1,0
5.91,59.21,43.8,7,4.2,193872,3,0,1
4.74,50.27,52.88,6,2.3,61150,2,0,1
7.86,91.37,99.16,7,2.6,491263,3,0,0
9.37,95.08,32.74,0,1.0,99870,3,1,0
5.65,85.22,58.02,8,6.3,308903,0,1,1
5.79,99.04,64.53,1,6.8,373997,0,0,0
5.34,89.53,39.71,5,7.0,429717,3,0,1
5.02,51.47,93.16,5,6.6,331835,0,0,1
5.56,87.1,37.76,4,1.1,222663,3,1,1
8.19,95.49,70.84,1,1.4,127595,3,1,0
8.01,71.31,46.84,7,5.5,197084,2,1,1
5.35,55.83,50.74,1,3.1,488064,1,0,0
8.17,44.51,64.62,3,0.6,163317,3,1,1
5.13,46.27,44.61,8,4.4,214290,2,1,1
7.93,90.87,37.4,2,2.1,240654,3,1,0
9.21,70.81,84.6,3,1.0,271823,1,1,0
9.71,74.63,37.14,7,7.1,440608,0,0,1
4.1,67.65,48.67,7,5.5,287314,2,1,1
4.71,73.02,54.81,3,1.6,313292,3,1,1
4.32,56.36,36.85,6,6.0,271558,1,1,1
5.14,50.6,49.31,7,4.4,107244,0,0,1
9.75,53.17,33.72,0,4.8,175182,0,0,1
5.65,92.96,78.97,6,3.4,103112,1,1,0
6.97,50.26,44.25,4,5.8,200983,0,0,1
5.11,94.47,73.55,4,6.9,410676,1,0,0
5.89,44.17,43.11,7,1.6,56676,3,1,1
6.0,50.65,48.47,1,1.8,448595,0,1,1
9.82,74.99,64.18,3,4.0,73685,0,1,0
9.01,71.52,41.71,2,6.3,102424,2,1,0
6.72,84.09,99.29,4,5.5,182926,2,1,0
4.08,61.16,79.71,8,6.3,499291,3,0,1
5.62,71.16,74.79,2,7.8,498929,1,0,0
6.14,41.85,70.43,6,3.2,440261,0,0,1
9.52,62.67,37.56,4,7.1,405887,3,0,1
5.59,80.74,92.16,6,4.9,194833,2,0,1
4.25,71.2,54.03,1,3.8,288565,2,1,0
4.66,40.5,94.91,2,4.0,128762,2,0,1
5.82,57.3,85.98,0,3.9,163941,2,0,0
4.32,58.35,60.12,0,0.9,122204,2,1,1
8.71,70.12,97.1,8,1.7,95090,2,0,1
9.98,51.8,70.97,1,2.7,66848,3,1,0
5.49,80.71,57.04,6,7.8,101452,2,1,1
7.58,50.4,60.51,5,6.5,122968,1,1,1
4.81,73.26,51.07,1,2.7,379420,3,0,1
6.26,92.56,60.58,2,4.4,413925,2,1,0
6.81,65.66,59.44,6,4.0,343029,0,1,1
4.53,48.44,93.48,3,4.9,245617,1,1,1
4.32,90.71,38.82,0,4.0,450029,3,0,1
4.51,56.21,99.03,1,3.0,101065,2,1,0
8.14,91.86,38.5,8,6.0,77797,1,0,1
7.37,98.04,39.55,2,2.8,212996,0,1,0
7.74,52.04,34.7,2,5.0,113456,0,0,1
5.23,68.42,88.29,7,3.4,113864,2,1,1
6.9,51.04,46.44,8,2.5,371262,3,0,1
6.59,78.17,42.94,3,1.8,438845,1,1,0
6.88,57.37,37.0,7,3.3,194274,3,1,1
8.19,46.44,59.18,6,1.6,198594,3,0,1
7.39,40.66,51.19,7,0.8,235979,1,1,1
9.29,67.5,30.64,2,3.2,498706,1,1,0
9.42,71.5,65.91,2,5.4,234479,2,1,0
8.29,87.2,49.48,4,7.4,85761,3,1,0
9.78,76.35,42.63,8,6.3,325478,2,0,1
8.19,75.33,70.65,6,1.0,65477,1,0,1
4.58,46.37,95.4,7,2.9,171390,1,0,1
9.4,50.44,92.47,6,7.4,82467,2,0,1
4.22,85.0,60.91,5,5.0,490758,0,0,1
5.93,81.92,56.43,8,2.0,182380,3,1,1
8.07,53.53,81.95,6,6.6,473977,1,0,1
7.49,77.75,76.81,3,0.7,123695,0,1,0
8.65,74.1,90.51,5,1.9,432718,3,0,0
8.99,74.22,63.16,5,3.2,342918,1,0,0
6.63,77.53,91.18,1,1.5,321186,2,0,0
4.71,53.83,72.1,5,0.7,480612,2,1,1
6.34,61.47,91.07,2,7.8,89204,1,1,0
6.4,43.4,78.83,1,4.9,187915,0,0,0
6.03,55.65,53.42,0,1.5,336831,2,0,0
5.41,44.37,96.36,0,3.1,87100,3,0,1
9.33,68.73,39.06,0,1.3,310359,1,1,0
6.59,58.21,89.49,3,0.7,79022,0,0,1
7.21,91.62,77.74,0,4.6,77336,3,1,0
8.17,65.78,59.88,2,1.4,111862,2,1,0
5.16,66.19,34.05,3,1.2,55268,1,1,1
8.48,93.3,85.52,0,7.9,57811,1,0,0
4.46,47.6,42.64,0,2.9,365839,1,1,1
4.78,63.87,76.03,1,1.1,335027,1,1,1
8.23,88.81,92.83,3,3.8,208711,2,1,0
9.21,54.65,92.51,5,5.7,313950,0,0,1
6.08,64.65,96.54,7,2.6,156721,1,0,1
5.83,73.18,38.59,2,0.8,173262,3,1,1
9.72,41.28,88.54,4,2.6,251419,2,0,1
4.36,91.27,56.88,0,7.0,251674,3,0,0
5.35,62.76,76.19,8,0.9,209985,0,1,1
9.62,94.6,82.81,5,7.4,187642,1,0,0
6.05,89.75,60.39,6,6.4,435568,0,0,0
7.32,97.15,95.27,4,6.9,330368,3,1,0
7.44,74.1,66.32,2,7.7,295016,1,0,0
9.45,56.84,77.78,4,1.1,181036,2,1,0
7.43,42.32,49.2,4,5.4,460216,0,0,1
5.84,79.65,88.52,2,3.8,59052,3,0,0
6.8,97.95,63.61,8,2.1,80715,0,1,0
9.38,73.09,96.73,7,1.8,451592,2,1,0
9.21,47.63,74.12,2,7.0,393921,0,0,1
4.69,42.31,77.91,7,4.8,71996,1,0,1
9.71,99.52,98.27,0,5.6,499571,2,0,0
7.6,60.98,35.42,7,1.3,90606,1,0,1
5.95,62.28,87.59,6,1.0,273595,2,0,1
4.15,76.42,55.22,6,7.2,246458,3,1,1
7.73,49.62,33.12,2,7.3,63387,0,0,1
8.85,70.65,84.66,8,6.4,423733,2,0,0
6.27,74.96,75.99,2,3.4,390374,0,0,0
9.75,99.54,69.58,8,6.0,332574,0,0,0
7.64,79.55,66.42,5,2.5,488309,2,0,0
5.97,87.94,98.42,3,3.9,442266,0,0,0
6.67,97.46,58.69,1,3.1,315102,0,1,0
7.92,76.31,61.43,6,2.2,484016,1,0,0
8.66,64.46,70.93,2,5.0,467257,2,1,0
5.88,44.89,59.47,2,4.8,381680,1,0,1
9.26,40.93,38.46,4,6.2,422968,3,0,1
4.76,42.04,60.2,2,7.9,119404,3,1,1
6.13,64.14,68.99,4,1.4,482388,2,0,1
9.96,42.71,81.71,5,7.6,264368,3,1,1
5.74,68.63,39.42,2,5.9,359098,0,0,1
9.37,75.61,55.89,7,3.3,279945,1,1,0
9.67,45.81,50.81,5,0.9,321412,3,1,1
5.94,59.11,42.49,2,0.8,435155,1,1,1
7.11,74.51,73.08,1,3.1,136818,0,1,0
5.64,66.34,91.97,4,7.5,186015,0,0,1
8.0,48.46,44.48,8,6.2,64339,0,0,1
4.04,89.95,31.8,3,2.6,349455,3,1,1
7.13,89.86,50.65,1,5.9,492889,0,1,0
9.33,69.6,36.08,2,7.9,433586,0,1,0
8.82,84.66,45.57,1,3.0,315845,2,1,0
6.72,84.13,77.05,1,5.8,215051,0,1,0
4.6,82.31,66.49,3,6.8,396622,0,0,1
5.48,75.18,91.05,3,5.6,189086,3,0,0
6.91,51.23,64.77,2,2.0,96510,1,0,1
6.61,69.44,72.79,2,0.8,410700,2,1,0
7.79,54.08,54.41,8,5.4,144405,2,0,1
9.25,80.08,64.32,6,5.0,334905,3,1,0
4.58,46.74,91.66,4,3.6,284447,2,0,1
7.97,46.95,62.53,5,5.5,232231,3,0,1
8.64,69.02,86.33,7,5.0,410302,1,0,0
5.75,70.45,92.29,6,1.0,454644,2,1,1
8.05,64.67,86.63,6,3.5,78643,2,1,1
8.37,60.39,87.3,4,3.9,166030,1,0,0
8.68,46.62,97.78,5,1.5,332993,0,0,1
8.81,45.42,79.33,5,6.3,339875,0,0,1
7.11,61.73,43.89,2,6.8,257369,1,1,0
8.81,94.64,53.21,3,4.6,180392,0,0,0
9.07,85.31,66.86,8,3.5,304227,0,0,0
5.7,41.45,74.21,3,0.8,443171,0,1,1
7.93,47.87,81.84,4,7.0,90122,0,1,1
4.12,84.56,67.92,2,1.2,358383,3,0,1
8.99,91.56,84.93,6,4.3,62285,2,1,0
6.75,45.98,97.85,7,3.3,275199,0,0,1
9.8,73.66,63.83,8,4.3,250492,0,1,0
8.37,97.09,83.39,1,3.9,352975,0,1,0
8.63,66.83,63.38,1,5.3,224291,1,0,0
4.57,50.16,90.54,7,5.0,93981,1,1,1
7.7,68.41,80.61,3,0.9,308693,2,1,0
5.87,60.27,40.54,5,5.7,363907,3,0,1
5.61,52.55,69.37,7,4.6,214110,1,1,1
6.77,68.98,68.84,1,7.4,273190,0,1,0
4.76,40.82,66.4,1,1.7,279429,0,0,1
9.31,69.71,73.83,8,4.2,442688,3,1,0
4.06,47.05,99.7,4,4.4,372489,2,0,1
4.85,71.4,44.31,5,4.4,181721,3,1,1
5.26,59.81,82.27,2,1.7,424908,3,0,1
5.91,50.75,62.93,0,2.8,148395,1,0,1
7.23,59.86,34.28,7,5.0,85007,2,0,1
6.07,40.85,43.48,4,6.7,273433,2,1,1
7.75,64.2,47.83,8,5.3,156214,0,0,1
4.62,52.99,42.48,1,1.5,323844,3,1,1
7.45,91.2,72.33,7,2.1,51400,1,0,0
4.55,88.2,40.25,2,4.1,50129,2,0,1
9.38,43.13,65.82,7,3.7,297300,2,1,1
7.0,47.04,69.21,6,6.3,420275,3,1,1
5.87,71.32,67.15,3,7.7,382277,2,0,0
9.04,73.63,64.31,4,5.6,342502,3,1,0
5.07,91.97,89.88,5,6.0,162082,1,1,0
6.25,95.99,99.68,3,3.8,325776,1,0,0
7.52,59.71,93.77,4,4.3,56812,2,0,1
7.88,78.5,57.88,4,2.6,80003,0,1,0
9.98,77.93,64.32,7,6.1,389501,0,0,0
6.22,76.78,79.93,2,7.0,119021,0,1,0
9.0,47.17,61.04,0,2.9,499781,2,0,0
7.93,84.25,53.29,5,7.2,138716,2,0,0
9.64,64.19,88.64,0,1.0,482562,1,1,0
4.5,66.6,49.29,3,5.7,264565,1,0,1
5.87,73.63,38.24,7,4.8,415057,0,1,1
4.53,95.08,42.78,1,1.9,359932,0,0,1
8.73,53.05,56.22,1,7.1,179358,2,0,0
8.48,84.29,51.73,6,5.8,143325,2,0,0
7.39,64.84,88.47,4,7.1,142857,2,1,0
8.19,55.87,64.29,5,3.1,386501,3,0,0
4.22,90.08,57.0,8,4.8,418148,3,1,1
7.88,80.92,50.21,5,5.7,314118,2,0,0
7.08,52.64,45.28,4,0.7,110449,1,1,1
4.84,75.21,56.06,6,5.4,67747,2,0,1
7.78,92.16,30.55,6,4.1,226513,0,0,1
9.48,58.38,62.68,2,6.1,280166,3,1,0
8.39,68.41,47.05,5,5.0,302999,3,1,0
4.24,95.74,46.4,8,1.3,273291,2,1,1
7.56,49.84,41.65,4,7.1,415759,1,0,1
4.78,59.99,97.19,1,2.8,451511,1,1,0
6.75,49.92,30.06,2,2.0,140213,2,1,1
4.48,54.17,44.23,1,5.9,130812,2,0,1
6.86,60.68,62.96,6,5.7,297624,3,1,0
8.24,85.78,36.71,2,2.9,120006,3,1,0
9.39,89.19,81.13,6,5.0,330030,0,1,0
6.93,84.43,71.05,3,7.1,143407,1,1,0
6.17,70.09,30.11,6,7.4,388468,1,0,1
7.0,42.65,51.14,1,3.0,392907,1,1,0
4.9,58.67,77.27,7,0.8,271111,1,0,1
6.39,71.04,37.45,1,3.1,434130,0,1,0
8.82,40.73,52.33,8,3.4,288389,0,1,1
7.92,80.21,59.57,0,2.8,185606,0,1,0
7.01,86.86,79.84,8,7.8,108548,1,1,0
7.19,63.01,77.23,2,0.6,420967,2,0,0
7.09,76.87,91.05,6,0.9,197699,0,0,1
9.21,67.62,33.51,5,2.4,226927,2,0,1
7.26,50.72,54.98,0,3.9,206071,0,0,1
6.14,42.2,81.71,3,1.8,330486,0,0,1
8.36,77.98,60.18,4,3.1,290140,1,1,0
4.24,59.6,32.68,1,3.4,430318,0,1,1
9.56,84.96,59.58,0,1.9,441520,2,0,0
9.02,66.01,38.15,3,4.8,208964,1,0,0
6.25,68.38,83.25,6,2.6,411162,1,1,0
7.01,42.74,57.91,2,5.6,192962,0,1,1
5.24,86.92,76.0,4,2.5,364090,2,0,0
5.33,41.08,52.72,1,5.1,431767,3,1,1
7.81,59.73,57.23,8,0.6,228570,2,1,1
8.94,49.11,89.8,7,2.1,415809,1,1,1
5.53,41.94,89.66,1,5.2,344296,2,0,1
5.25,99.09,55.84,4,6.1,286715,3,0,1
4.94,75.1,73.7,6,3.6,451048,0,1,1
7.34,69.45,46.43,8,1.5,368306,0,0,1
6.37,52.68,37.74,4,1.8,133423,3,1,1
6.11,53.07,93.03,4,2.9,240408,0,1,1
7.01,71.95,45.76,6,4.2,293224,2,1,1
4.94,92.4,58.0,0,4.5,225140,3,0,0
8.1,45.9,70.61,6,7.8,265112,1,0,1
7.71,48.31,73.39,1,5.0,433856,3,0,0
5.95,55.0,69.85,7,5.6,244141,0,1,1
7.31,91.81,89.52,2,3.9,429091,1,0,0
6.83,82.77,43.98,2,2.7,66195,1,1,0
6.76,81.02,61.06,3,6.5,291909,0,1,0
9.23,94.53,47.14,1,0.6,66946,3,1,0
9.17,44.22,59.2,4,7.1,331721,0,0,1
6.63,89.67,34.19,6,6.7,430187,0,1,1
6.4,95.64,74.05,7,3.7,115041,0,0,0
9.08,85.48,70.59,1,5.9,242132,3,1,0
4.85,54.58,63.78,4,1.2,386611,0,1,1
9.4,69.49,47.13,4,3.1,411336,3,1,0
8.72,81.97,69.78,0,6.2,127607,2,0,0
5.33,62.25,55.39,4,2.8,425304,1,1,1
6.85,66.39,50.64,2,1.6,203266,3,1,0
7.82,41.68,44.82,4,1.6,56326,2,1,1
8.33,84.73,99.73,6,4.1,139343,2,0,0
7.52,70.07,66.63,6,7.0,304408,1,1,0
5.05,93.83,31.0,1,3.1,212166,1,0,0
4.9,76.52,81.01,1,5.4,236909,3,1,0
7.42,78.32,30.85,8,7.2,438695,1,1,1
7.99,63.91,36.92,5,4.3,192330,0,0,1
6.68,71.38,47.13,2,5.7,391210,1,0,0
8.14,67.36,32.82,4,4.6,97898,1,0,1
9.44,47.95,51.19,3,2.2,357063,3,1,0
4.59,92.9,33.58,1,2.0,111030,3,0,1
6.86,45.99,71.26,7,2.7,55034,3,0,1
8.32,66.56,74.98,7,7.9,181988,3,1,0
6.96,50.59,65.51,8,2.6,388312,2,1,1
9.2,54.94,49.27,8,4.3,378163,3,0,1
9.86,96.74,64.13,5,7.2,317149,3,1,0
4.98,43.93,60.24,4,1.2,282363,2,0,1
5.16,46.52,46.23,4,4.3,217780,3,0,1
8.11,95.65,44.72,2,2.9,150612,3,0,0
9.11,76.61,41.0,8,7.9,392617,3,1,0
5.37,55.77,95.4,4,3.3,210553,2,1,1
8.98,58.92,51.56,6,6.2,52974,3,0,1
9.81,61.22,86.38,7,6.3,60212,1,0,1
7.97,55.36,88.28,0,2.9,464669,3,1,0
7.35,84.34,85.82,8,3.8,193635,0,0,0
5.46,59.53,63.58,7,7.6,74117,3,1,1
5.5,99.22,71.03,0,1.3,385349,2,1,0
7.23,66.29,49.9,7,1.5,443124,0,1,1
9.86,83.95,87.7,2,4.9,350987,1,0,0
6.63,59.67,68.26,4,4.7,478505,2,0,0
4.84,86.19,90.95,5,7.7,239388,3,0,1
5.1,68.1,62.26,5,2.0,419130,2,1,0
7.62,95.96,39.82,6,3.7,472610,3,0,1
8.99,43.62,99.28,5,0.6,279222,0,1,1
8.74,69.52,70.24,1,6.0,346383,0,0,0
7.19,87.92,89.24,1,4.8,295601,1,0,0
8.6,65.86,49.38,7,7.2,437415,1,1,1
4.44,78.87,53.79,8,6.4,437689,3,0,1
6.41,57.63,73.66,6,0.6,168085,2,1,1
4.9,91.33,70.91,5,4.5,392681,1,1,1
9.36,82.89,70.38,3,6.3,158078,2,0,0
4.61,72.01,96.11,0,6.3,333155,2,0,0
5.96,58.92,46.11,3,2.0,135610,3,1,1
5.4,95.19,84.06,0,1.5,280498,0,1,0
4.15,92.05,89.79,3,3.4,284258,3,1,0
5.19,86.26,71.32,1,1.2,141801,0,0,0
8.54,47.22,64.24,5,6.1,216136,3,0,1
5.26,45.45,65.48,7,2.4,108716,3,0,1
4.04,88.2,58.02,1,3.2,212519,0,1,0
9.68,79.12,46.06,1,5.4,474762,3,1,0
4.1,97.85,81.07,5,0.8,494289,1,0,1
7.39,47.68,40.9,7,6.2,82076,1,1,1
6.23,64.89,41.02,2,1.8,321895,1,0,1
6.19,95.5,85.06,0,4.2,210466,3,1,0
9.45,55.91,52.48,0,3.0,296678,0,0,0
9.48,42.79,56.39,8,1.8,102489,0,1,1
9.38,45.53,99.17,1,7.8,293496,3,1,0
4.81,76.2,74.58,4,4.1,184669,1,1,1
7.94,61.93,72.95,1,4.1,442544,1,0,0
5.32,47.79,95.96,3,5.4,439643,0,1,1
5.69,76.9,47.48,4,1.9,395699,2,1,1
8.26,67.73,71.35,8,4.8,189841,1,1,0
6.53,79.67,70.56,0,6.1,469310,3,0,0
8.77,98.77,31.0,0,6.8,174691,1,1,0
5.94,74.33,63.87,5,1.9,478337,3,1,1
9.96,67.19,48.4,7,1.4,196436,2,1,1
9.98,51.18,53.87,7,6.3,289241,0,1,1
8.58,55.77,84.74,6,5.3,334855,1,0,1
5.36,67.45,37.78,8,5.8,116217,2,1,1
6.72,73.2,95.77,8,1.9,479930,1,0,1
9.04,53.31,31.17,5,4.4,458911,1,0,1
8.8,61.76,46.13,8,1.8,133230,0,0,1
7.81,91.54,45.84,2,4.6,369640,3,0,0
5.67,97.54,96.42,4,3.4,323546,3,1,0
6.81,48.17,95.67,0,1.1,421374,2,0,0
9.54,76.79,97.15,0,6.2,123559,1,1,0
8.93,85.88,86.49,3,3.4,133594,3,1,0
7.55,54.91,54.53,3,7.7,194817,1,1,0
4.74,84.38,96.1,2,2.0,124663,2,1,0
4.06,47.04,51.78,1,6.3,363758,3,0,1
7.96,57.93,38.74,7,1.7,445444,2,1,1
9.7,42.46,88.66,4,1.3,294593,3,0,1
9.26,81.49,85.61,4,2.2,104027,0,1,0
5.45,91.0,64.62,6,3.7,384527,0,1,1
9.05,83.95,93.33,8,3.0,399688,2,1,0
4.5,46.07,86.42,3,4.9,166071,3,1,1
4.62,86.86,79.6,8,5.0,346547,3,1,1
4.25,46.47,88.67,1,4.8,111589,1,1,1
7.48,82.56,72.27,6,5.9,70900,2,1,0
9.11,74.4,66.59,6,6.6,379314,3,0,0
5.3,50.84,74.14,5,1.2,266082,0,1,1
9.1,55.21,87.29,5,3.1,180390,2,1,0
8.7,59.47,78.94,4,6.3,134196,1,1,0
8.44,85.2,84.67,2,6.8,499129,0,1,0
6.11,72.29,86.36,3,2.9,210345,0,0,0
7.84,58.78,64.8,2,6.2,155984,2,1,0
6.1,88.35,92.7,2,7.7,219219,0,0,0
5.14,58.63,65.43,8,2.7,343559,1,1,1
7.71,44.56,36.54,6,6.9,126423,2,1,1
6.38,95.28,37.25,4,5.1,93102,2,0,1
6.66,42.45,68.36,4,0.7,167686,1,0,1
9.25,66.42,86.81,2,0.6,177758,0,1,0
9.03,64.87,68.59,3,3.6,494546,3,1,0
8.48,82.4,98.73,4,3.7,241110,1,1,0
7.24,44.62,78.52,5,6.9,418278,1,0,1
4.58,95.05,98.99,7,4.5,104949,1,1,1
8.31,78.7,68.79,3,4.0,351077,0,1,0
7.71,69.83,60.53,2,0.7,285126,0,1,0
6.86,82.38,34.46,5,1.0,426894,2,1,1
9.68,83.67,79.95,7,3.7,450747,1,1,0
5.29,67.13,67.69,4,3.0,348769,3,0,1
8.6,98.81,71.08,0,7.8,77772,2,0,0
8.65,44.26,34.45,6,6.0,434070,1,0,1
9.88,86.42,99.27,2,0.7,309509,0,1,0
4.53,96.77,70.18,6,6.5,249906,3,0,1
9.08,50.98,51.78,2,5.8,182127,3,0,1
5.11,64.09,45.86,1,3.0,444167,0,1,1
4.12,76.37,98.74,0,5.6,100064,1,0,0
9.78,71.75,30.33,6,2.8,469450,2,0,1
9.73,51.31,73.46,2,4.5,231009,0,0,1
7.6,74.44,92.4,2,4.3,476959,3,0,0
7.73,96.12,92.18,1,6.6,213402,2,0,0
6.09,50.83,66.29,1,4.2,366409,1,1,0
9.63,95.72,68.36,6,6.4,111017,0,1,0
5.48,48.48,97.23,7,1.9,261961,0,1,1
4.35,98.94,63.63,1,6.9,97685,2,1,0
8.54,78.59,49.78,2,3.9,153830,2,1,0
6.43,62.62,64.33,7,1.3,344258,3,1,1
5.84,99.54,83.95,0,4.5,71827,1,0,0
5.84,75.25,93.02,8,1.8,214444,0,0,1
4.28,58.18,43.18,8,0.9,482744,3,0,1
7.05,80.87,33.13,3,1.2,147363,1,1,0
4.44,52.22,44.47,0,0.8,250009,1,0,1
9.55,40.28,46.83,5,7.9,254428,1,1,1
9.51,64.12,40.92,3,5.2,185363,3,1,0
5.23,92.72,81.56,4,3.6,55362,3,1,0
6.26,90.56,43.26,7,2.4,55468,3,0,1
8.18,66.95,76.41,3,1.0,109968,0,0,0
9.41,69.31,42.84,5,1.8,438021,2,1,1
5.71,57.19,89.89,4,1.3,112600,3,0,1
9.7,73.28,64.86,2,4.4,68714,3,1,0
4.66,53.72,88.32,2,1.1,413654,0,0,1
6.62,62.25,81.68,7,5.0,71523,1,0,1
8.35,42.63,30.99,2,3.1,181492,1,1,1
6.77,94.09,33.95,6,1.6,202990,0,0,1
5.1,51.66,76.06,7,0.7,280964,0,0,1
7.61,57.27,41.28,8,7.7,79734,0,0,1
6.46,72.06,73.3,2,5.9,218640,2,0,0
4.86,46.23,46.36,6,0.5,80627,3,0,1
9.14,85.73,32.46,8,1.1,390190,3,1,1
5.69,76.96,61.48,3,5.6,371183,2,1,0
9.88,78.2,63.54,2,3.9,238814,1,0,0
5.72,83.86,97.41,6,8.0,134052,2,0,1
6.59,57.99,32.98,6,5.8,333901,1,1,1
4.75,77.59,44.57,6,3.7,269008,3,1,1
6.66,63.31,55.45,5,5.5,119790,1,0,1
5.3,51.46,43.62,5,7.3,337417,3,1,1
7.86,52.81,39.89,1,4.6,287145,2,1,1
4.31,53.03,68.62,2,5.4,321319,3,0,1
9.66,41.43,44.45,2,2.5,441104,1,1,1
7.45,88.05,40.55,5,4.0,437168,1,1,0
5.9,95.98,72.86,0,5.6,462594,0,0,0
4.13,95.21,90.86,5,6.9,214256,2,0,1
8.46,97.48,51.53,1,3.2,215412,3,1,0
6.03,50.51,51.23,8,1.7,129700,1,1,1
4.71,94.61,58.68,8,4.6,296188,2,0,1
9.86,79.83,40.27,7,1.2,70645,1,1,1
6.84,68.61,83.7,5,7.5,356651,1,1,0
9.36,98.22,96.26,5,7.1,94569,2,0,0
5.06,77.44,77.42,2,1.3,464694,1,1,0
5.75,87.57,85.06,5,5.0,469072,3,0,0
7.73,75.42,99.42,5,6.9,150675,2,0,0
6.94,94.35,33.64,3,5.8,187947,3,1,0
6.03,56.37,99.66,7,5.4,224545,0,0,1
9.23,95.59,30.75,0,2.8,154670,3,1,0
6.33,81.72,48.92,6,3.0,471079,3,1,0
8.24,47.94,54.24,4,4.6,306287,2,1,1
4.5,66.99,77.03,5,7.0,109519,0,0,1
8.84,46.42,35.21,5,1.0,349844,1,0,1
9.18,40.58,30.94,5,7.0,373727,0,0,1
7.5,97.94,97.84,5,6.4,105486,0,0,0
8.22,51.97,82.22,1,1.9,426572,0,0,1
6.6,81.14,44.72,1,3.4,377916,1,1,0
8.91,82.49,64.67,2,4.0,433550,0,1,0
5.11,40.38,42.31,3,2.5,334163,1,0,1
8.22,44.55,43.09,5,6.2,169388,1,1,1
7.81,75.54,72.11,8,5.3,164430,3,1,0
8.95,84.13,67.14,4,2.6,134548,0,0,0
4.38,60.65,81.3,6,1.1,450783,3,0,1
9.86,80.47,52.29,5,5.7,367459,0,1,0
8.36,59.14,55.07,7,3.3,207415,3,1,1
7.28,84.7,45.97,2,0.8,235018,3,1,0
9.28,59.46,85.74,6,4.0,293475,3,0,1
4.85,85.03,59.37,0,7.1,463278,2,1,0
9.94,77.93,57.96,0,3.8,478555,1,0,0
7.56,51.03,36.64,6,4.0,192024,2,0,1
4.13,63.53,51.25,8,2.6,149586,3,1,1
6.6,96.84,41.19,0,3.2,105580,0,1,0
8.24,76.47,39.9,8,7.6,471329,1,1,1
6.94,97.41,74.21,5,5.2,408643,3,0,0
7.59,71.78,53.88,5,6.6,117178,2,1,0
4.38,66.82,59.19,3,7.6,410857,1,1,1
7.8,94.11,63.33,4,4.7,352629,2,0,0
9.41,97.93,84.71,3,5.8,369494,1,0,0
6.93,68.19,31.36,8,7.1,251401,1,1,1
4.49,69.46,72.18,4,1.0,254250,1,1,1
8.27,61.83,84.44,7,2.3,381910,0,1,1
6.14,77.24,69.33,4,7.7,304121,2,0,0
8.94,78.75,97.04,1,2.7,81752,1,1,0
5.49,62.56,79.05,0,2.7,157080,1,1,0
4.15,79.1,83.37,1,3.3,456741,1,1,0
7.76,73.32,71.57,5,1.3,193420,3,1,0
5.19,76.39,49.93,2,2.9,58889,0,0,1
9.21,73.15,55.82,5,6.7,246623,0,1,0
7.88,63.73,52.86,0,5.3,219876,0,0,0
8.34,82.82,64.77,1,1.5,103610,1,0,0
4.55,61.62,55.0,1,3.6,443662,0,1,1
6.4,43.73,59.14,6,5.7,337360,0,0,1
6.69,46.91,93.8,4,2.2,79629,0,0,1
7.86,81.84,63.51,0,2.1,171983,1,0,0
7.0,59.38,82.92,6,0.6,451361,2,1,1
4.14,82.88,59.05,1,0.8,359156,0,0,1
5.38,69.49,54.46,1,4.9,242999,1,1,0
5.28,72.17,94.06,4,2.5,246241,3,0,1
9.01,85.25,47.94,3,3.0,186494,3,0,0
7.9,67.1,61.19,8,6.3,157264,1,0,0
4.25,88.28,82.0,3,2.0,348952,2,0,0
9.32,89.07,55.27,0,5.4,170486,2,0,0
7.07,58.59,45.15,2,7.0,158188,3,1,0
8.32,67.47,57.35,2,7.4,301750,2,0,0
4.47,46.44,30.02,0,5.1,499401,0,1,1
9.58,58.21,56.7,2,1.2,242964,1,0,0
9.83,84.51,56.1,4,3.6,61741,2,0,0
9.39,58.12,48.39,3,1.4,383819,0,1,1
5.05,46.76,80.74,7,7.0,353970,2,1,1
4.14,73.79,34.43,2,2.1,258424,3,0,1
4.22,65.95,62.6,2,7.8,352388,0,0,1
9.76,92.58,79.69,7,2.0,190134,0,1,0
9.78,51.28,78.28,0,8.0,73133,3,1,0
8.75,82.93,81.98,4,3.2,363549,2,1,0
8.92,72.68,56.13,5,5.9,333517,1,1,0
8.41,60.81,42.18,6,3.3,232157,2,0,1
8.89,85.1,64.62,8,3.6,276341,0,1,0
9.31,59.97,55.11,7,3.9,332702,1,0,1
6.06,95.1,98.79,2,5.0,333226,1,0,0
9.86,87.54,87.73,6,1.1,269664,0,0,1
7.12,74.53,47.83,8,5.5,136351,1,1,1
6.94,59.53,88.55,5,4.6,257073,3,0,0
7.46,84.99,78.15,1,2.2,387590,3,0,0
9.01,93.71,43.18,0,7.2,314509,0,1,0
4.87,44.33,96.51,3,6.2,208784,1,0,1
9.71,51.46,31.14,4,1.4,147367,0,0,1
5.52,97.06,59.53,5,5.5,55540,2,1,1
6.33,52.51,60.0,7,5.3,361079,0,1,1
9.86,70.0,54.6,4,5.8,468293,3,0,0
6.54,75.23,91.64,7,8.0,249212,0,1,0
8.55,45.21,47.65,1,1.1,429730,0,1,1
6.28,60.24,72.25,7,0.8,212431,3,0,1
7.68,45.7,77.87,0,7.5,283009,0,0,0
6.78,81.83,57.17,8,5.4,75540,2,0,1
8.19,69.47,93.16,4,6.9,70875,2,1,0
6.56,81.21,97.8,1,2.0,304933,1,0,0
6.32,84.67,75.77,2,6.3,73002,2,0,0
5.34,91.93,70.85,7,2.2,283133,0,0,1
4.99,47.92,98.52,0,3.8,242243,3,0,1
8.25,93.86,55.78,8,1.3,298333,0,1,1
6.62,82.12,34.69,1,2.5,398495,2,1,0
6.41,95.16,93.46,2,1.4,134932,0,0,0
7.99,66.77,99.76,5,4.7,300546,0,0,0
7.49,46.95,32.78,3,1.6,119842,3,0,1
6.23,70.61,30.85,8,5.5,357008,0,1,1
9.28,48.22,94.45,7,6.5,148915,3,1,1
6.87,45.94,57.15,8,6.9,87181,1,0,1
9.15,48.72,83.24,7,4.4,88058,1,0,1
7.76,64.81,73.79,3,6.7,263066,0,1,0
4.26,59.23,57.62,3,5.5,245917,3,1,1
7.64,92.02,82.4,2,4.1,464432,3,0,0
5.45,71.28,64.8,1,3.7,66207,3,0,0
7.37,82.27,84.39,0,3.3,256185,2,1,0
7.9,99.2,53.9,8,5.0,211555,3,1,0
6.32,92.27,78.19,8,7.4,367301,1,1,0
6.02,81.49,98.27,8,4.4,381017,0,1,0
7.77,96.05,91.23,8,2.2,219955,1,0,0
6.09,58.38,87.8,8,5.6,196025,2,1,0
8.02,51.3,72.91,2,6.5,410884,2,0,0
8.12,61.69,67.99,5,2.0,292583,1,0,0
8.35,92.57,74.7,3,5.0,382107,2,0,0
9.32,88.57,56.25,6,4.1,191945,3,1,0
4.88,76.36,47.68,6,6.6,256087,0,0,1
5.13,96.05,94.95,7,7.5,338696,2,1,0
5.2,43.06,59.94,7,5.0,299754,3,1,1
5.88,48.38,38.6,0,0.8,86846,2,0,1
7.29,56.1,84.87,6,2.0,396185,0,0,1
4.67,98.61,80.37,4,3.7,170842,1,1,1
9.57,61.21,46.55,0,4.7,216051,1,0,0
8.83,89.51,44.22,0,7.7,97803,2,1,0
4.75,54.77,58.45,3,3.9,136844,1,0,1
5.68,40.19,76.98,6,4.8,364424,3,1,1
5.28,46.02,35.74,7,3.8,437535,3,1,1
4.14,85.9,44.36,7,3.8,324693,2,1,1
4.12,70.45,57.15,7,5.0,245539,1,0,1
7.61,81.94,56.44,6,2.1,214737,2,1,0
5.64,82.9,92.89,6,5.0,296264,0,0,1
7.87,43.88,79.91,0,3.4,230975,2,1,0
4.12,66.18,61.17,6,1.2,183654,2,0,1
5.61,94.7,48.19,2,1.8,497556,1,0,1
9.87,61.87,83.25,1,5.8,133232,0,0,0
5.5,71.52,47.86,2,2.7,278533,2,0,1
5.37,58.7,66.44,3,7.0,375553,0,0,1
5.73,68.21,59.63,2,2.3,473482,1,0,0
4.4,46.09,87.21,2,4.5,458451,3,1,1
8.34,49.16,95.25,3,6.4,220644,1,1,0
7.08,41.24,65.32,0,3.5,137556,0,1,0
4.94,47.94,90.32,5,4.8,196421,3,0,1
6.73,82.61,79.94,2,5.3,445582,0,0,0
9.9,48.15,50.1,8,6.5,405218,3,1,1
9.33,68.0,75.31,8,3.2,367465,3,1,0
7.14,64.46,65.22,7,1.4,69092,1,0,1
7.6,62.05,50.89,6,3.4,207033,2,0,1
5.89,51.92,31.12,6,6.3,443398,1,1,1
9.19,87.43,82.45,4,3.5,124614,0,0,0
9.42,55.18,57.95,7,3.3,157317,3,0,1
6.49,43.08,96.34,1,2.7,77849,2,1,0
9.46,93.22,91.05,1,5.0,236003,3,0,0
9.6,92.12,63.56,5,3.0,212708,1,0,0
9.95,48.76,79.78,4,0.9,317128,1,1,1
4.14,64.2,85.9,7,3.1,221203,2,1,1
4.31,71.02,38.63,7,6.2,277230,0,0,1
9.99,49.2,87.73,5,5.5,280614,2,0,1
4.85,94.9,36.52,6,2.6,165467,0,0,1
5.82,97.21,43.61,3,3.6,483021,1,1,0
7.28,55.31,94.12,0,7.9,135664,0,1,0
8.36,87.22,45.34,2,7.4,308726,0,0,0
8.02,88.7,53.99,5,6.9,185310,2,1,0
7.16,80.07,88.48,8,5.6,472675,1,0,0
8.89,66.03,49.05,8,2.8,429729,3,0,1
9.71,58.02,90.42,1,6.7,340987,1,0,0
9.28,54.92,93.36,1,5.7,315207,2,1,0
8.46,65.16,53.18,1,2.3,376661,3,0,0
8.65,95.57,33.98,6,6.6,130764,3,1,1
9.87,60.03,55.93,4,2.3,307876,3,0,1
6.43,90.97,50.05,2,3.0,363514,2,1,0
9.12,46.04,35.76,0,1.6,274679,3,0,1
9.61,87.62,78.82,2,7.9,51094,3,0,0
4.2,57.49,89.05,5,5.5,95885,0,0,1
9.36,59.81,32.73,1,7.9,372103,0,0,1
8.74,93.82,87.69,7,1.3,361096,2,0,0
8.99,57.07,34.55,4,1.7,456886,0,1,1
7.64,81.34,32.24,5,5.5,414332,3,1,0
6.15,70.53,50.56,6,3.6,173273,2,1,0
5.26,67.68,79.23,0,1.1,358115,0,0,0
4.65,66.94,40.45,1,2.6,224445,2,0,1
8.31,66.12,38.58,8,6.0,208621,1,1,1
7.94,61.85,57.36,5,1.0,66451,2,1,1
5.12,69.86,76.08,6,6.4,219648,3,0,1
8.89,84.72,79.52,5,7.7,444009,1,0,0
9.22,49.85,47.54,1,4.2,225403,1,0,1
9.31,54.4,72.27,4,7.3,427898,1,1,1
4.23,40.55,55.25,5,6.5,245571,2,0,1
4.63,86.29,97.85,3,2.1,224335,2,1,0
9.34,99.62,72.87,3,3.8,433396,0,1,0
9.78,75.46,50.31,7,0.8,224381,0,1,1
7.54,97.91,34.4,6,7.5,369165,1,1,1
9.01,53.37,48.53,0,6.6,400450,2,1,0
5.59,71.84,32.84,7,2.3,51179,3,0,1
9.75,88.14,49.15,8,7.5,58568,2,0,1
6.98,74.81,67.39,8,2.7,110750,1,1,0
7.36,59.72,68.15,3,0.6,275181,0,1,0
7.88,96.79,31.45,2,7.5,433263,2,0,0
7.94,80.31,59.09,6,2.0,135934,2,0,0
8.59,57.33,99.85,8,5.3,89964,1,0,1
9.12,40.2,46.77,4,7.7,109438,3,1,1
4.73,85.96,84.57,7,4.3,302309,2,0,1
6.14,45.52,42.35,3,4.6,181216,0,0,1
9.95,49.74,53.95,8,6.6,330394,1,1,1
9.95,85.44,54.6,5,6.9,465584,3,0,0
8.84,86.55,58.17,2,1.9,384227,3,0,0
9.86,84.68,88.42,7,4.7,290046,3,1,0
7.86,51.95,32.94,7,1.9,349336,2,0,1
9.93,96.04,75.41,6,6.1,53899,2,1,0
4.51,90.58,71.63,8,6.2,360842,1,1,1
6.97,99.77,80.81,5,1.4,475108,0,1,0
5.48,72.22,59.79,0,6.9,78790,2,0,0
8.18,88.94,99.95,4,3.0,266022,0,1,0
4.45,58.5,50.99,0,0.7,199503,2,0,1
8.27,92.17,95.2,1,3.2,99889,2,1,0
5.91,47.42,70.35,1,2.2,194973,2,0,1
8.87,72.94,70.42,8,2.7,339599,2,0,0
9.37,85.14,32.85,6,1.2,224727,2,0,1
4.82,45.66,96.13,0,1.3,300073,0,1,1
8.86,64.36,37.48,2,4.9,344225,1,0,1
6.0,51.11,94.27,1,5.2,58831,3,0,0
8.37,47.6,81.65,8,2.3,263862,0,1,1
7.46,83.79,88.93,7,4.6,81127,3,0,0
7.68,63.31,87.75,4,3.1,262085,3,1,0
5.62,76.98,92.27,6,2.4,367328,3,0,1
9.87,64.33,43.38,4,5.7,352312,1,0,1
9.8,54.93,79.77,3,8.0,440531,0,0,1
8.1,47.98,45.27,1,4.8,391758,1,0,1
8.98,40.83,37.49,3,3.9,127063,0,1,1
5.95,64.67,76.17,4,3.8,155669,1,0,1
6.34,51.28,76.61,3,4.2,193601,3,0,0
5.51,66.0,41.1,0,6.1,324874,2,0,0
6.48,92.88,39.85,4,1.8,453205,0,1,1
8.71,71.78,71.05,5,2.8,167606,3,0,0
8.13,56.54,63.38,6,2.5,301841,1,1,0
9.43,41.03,46.41,7,3.4,339274,1,0,1
5.61,62.25,47.84,1,2.5,395135,2,1,0
4.12,74.03,91.94,3,7.2,182172,1,0,1
7.77,98.65,30.24,0,3.0,411568,3,1,0
4.01,51.61,37.59,4,5.9,272743,2,1,1
7.52,77.73,76.89,5,1.2,297387,1,0,0
5.95,91.47,54.98,3,4.5,308552,1,1,0
9.75,40.99,35.34,2,2.2,73004,1,1,1
6.47,99.76,35.08,8,3.8,121157,1,0,1
5.31,45.81,47.95,6,1.4,197016,3,0,1
4.56,95.41,72.82,1,6.5,464763,1,0,0
6.86,56.62,41.69,0,7.4,306664,1,1,0
9.32,46.01,65.26,3,7.4,195579,0,1,0
8.18,96.08,82.73,8,5.7,64103,0,0,1
8.0,51.55,87.56,3,6.0,434009,1,0,0
8.96,51.86,50.65,0,5.5,168292,1,0,0
4.71,94.73,44.29,4,6.8,276399,1,0,1
9.0,49.54,56.47,2,3.3,329461,1,1,0
4.65,85.87,44.82,2,3.6,277865,1,0,1
5.6,71.22,68.85,8,7.6,360212,2,1,1
4.94,99.83,67.3,3,7.7,272762,1,1,0
5.68,55.61,44.99,0,2.0,204945,3,1,0
9.56,92.48,38.07,2,7.3,170448,0,1,0
6.37,78.98,79.87,2,0.9,144263,1,0,0
5.44,43.05,90.08,8,7.1,176612,0,1,1
7.15,45.61,48.28,8,1.5,143485,0,1,1
6.94,90.27,39.78,3,5.7,96862,1,1,0
4.43,83.26,68.27,5,4.0,407217,2,1,1
4.18,85.93,84.6,0,7.0,429107,0,0,0
5.93,85.45,86.56,1,1.1,149835,3,0,0
6.63,93.66,75.33,0,6.4,442414,0,0,0
9.93,58.77,77.05,8,5.3,444542,2,1,0
4.96,72.75,40.36,8,4.1,307498,0,0,1
5.05,85.79,65.1,0,2.9,295825,0,1,0
6.8,42.65,33.42,4,7.1,248126,2,1,1
4.53,83.43,49.26,2,3.5,345174,0,0,1
6.48,87.86,65.82,5,3.3,75689,2,1,0
8.93,87.11,56.27,0,4.6,70644,3,0,0
6.44,54.42,72.15,8,4.0,236162,0,0,1
4.75,43.64,86.14,1,7.0,182547,0,0,1
5.57,84.0,97.35,2,4.6,298324,3,0,0
7.09,62.69,83.47,8,5.4,259562,2,0,1
4.93,43.93,78.77,4,5.9,323533,2,1,1
5.79,41.24,91.56,2,3.3,430228,3,0,1
4.62,97.65,47.63,7,7.1,480984,3,1,1
9.67,77.9,40.97,5,6.2,72187,1,1,0
8.73,83.27,55.83,8,5.6,204053,1,0,0
8.01,68.19,51.54,4,7.0,318949,0,0,1
8.38,62.1,68.93,8,4.4,485376,2,1,0
8.35,48.06,72.71,0,5.6,228220,0,1,0
8.12,43.45,89.71,3,2.0,163316,1,1,0
5.17,71.57,71.1,1,3.5,166328,1,0,0
4.54,82.68,61.83,7,5.9,462810,0,0,1
7.64,51.92,71.53,3,4.2,120625,3,1,0
10.0,42.35,58.47,0,5.9,93969,3,1,0
9.95,45.72,97.25,6,6.3,427637,0,0,1
9.47,52.52,31.86,0,4.9,225420,3,0,1
7.3,90.26,66.67,0,2.3,247809,2,1,0
7.82,69.84,81.05,1,7.7,267847,0,0,0
6.35,76.58,54.21,0,1.1,366508,0,0,0
9.23,78.36,70.25,1,4.5,168407,1,1,0
7.18,60.58,31.85,2,6.2,263531,1,0,1
8.89,49.46,45.09,8,1.6,175903,3,1,1
6.01,65.1,36.46,0,5.7,499460,2,0,0
7.12,64.43,82.3,5,5.2,457905,2,0,0
6.95,63.73,60.48,0,4.4,100323,0,0,0
6.56,90.79,95.72,3,7.1,79038,1,1,0
6.34,93.07,36.19,0,3.4,409089,3,0,0
5.92,84.71,37.0,2,6.3,183183,2,1,0
4.31,65.79,68.52,6,4.8,304482,3,1,1
8.58,78.65,39.98,3,7.9,485888,2,1,0
8.5,42.42,46.95,8,0.5,326724,3,0,1
6.06,54.25,90.4,8,6.0,327142,1,1,1
4.28,54.02,56.2,1,0.9,399713,2,1,1
